{"v":"5.6.5","fr":60,"ip":0,"op":657,"w":2000,"h":2000,"nm":"Skype_Loader_Full_Dark_Mode","ddd":0,"assets":[{"id":"comp_0","layers":[{"ddd":0,"ind":1,"ty":4,"nm":"Shape Layer 1","sr":1,"ks":{"o":{"a":1,"k":[{"i":{"x":[0.833],"y":[0.833]},"o":{"x":[0.167],"y":[0.167]},"t":6,"s":[100]},{"t":74,"s":[0]}],"ix":11},"p":{"a":0,"k":[1515.5,1000,0],"ix":2}},"ao":0,"shapes":[{"ty":"gr","it":[{"ty":"rc","d":1,"s":{"a":0,"k":[3031,2000],"ix":2},"p":{"a":0,"k":[0,0],"ix":3},"r":{"a":0,"k":0,"ix":4},"nm":"Rectangle Path 1","mn":"ADBE Vector Shape - Rect","hd":false},{"ty":"st","c":{"a":0,"k":[0.968626972273,0.117754999797,0.958616967295,1],"ix":3},"o":{"a":0,"k":100,"ix":4},"w":{"a":0,"k":0,"ix":5},"lc":1,"lj":1,"ml":4,"bm":0,"nm":"Stroke 1","mn":"ADBE Vector Graphic - Stroke","hd":false},{"ty":"fl","c":{"a":0,"k":[0.003921568627,0.172549019608,0.243137254902,1],"ix":4},"o":{"a":0,"k":100,"ix":5},"r":1,"bm":0,"nm":"Fill 1","mn":"ADBE Vector Graphic - Fill","hd":false},{"ty":"tr","p":{"a":0,"k":[0,0],"ix":2},"a":{"a":0,"k":[0,0],"ix":1},"s":{"a":0,"k":[100,100],"ix":3},"r":{"a":0,"k":0,"ix":6},"o":{"a":0,"k":100,"ix":7},"sk":{"a":0,"k":0,"ix":4},"sa":{"a":0,"k":0,"ix":5},"nm":"Transform"}],"nm":"Rectangle 1","np":3,"cix":2,"bm":0,"ix":1,"mn":"ADBE Vector Group","hd":false}],"ip":0,"op":76,"st":0,"bm":0},{"ddd":0,"ind":2,"ty":4,"nm":"Layer 3 Outlines 3","td":1,"sr":1,"ks":{"p":{"a":1,"k":[{"i":{"x":0.1,"y":1},"o":{"x":0.8,"y":0},"t":0,"s":[2444.235,1445.753,0],"to":[0,0,0],"ti":[0,0,0]},{"t":108,"s":[2316.235,1459.753,0]}],"ix":2},"a":{"a":0,"k":[654.655,453.1,0],"ix":1},"s":{"a":1,"k":[{"i":{"x":[0.1,0.1,0.1],"y":[1,1,1]},"o":{"x":[0.8,0.8,0.8],"y":[0,0,0]},"t":0,"s":[144,144,100]},{"t":120,"s":[100,100,100]}],"ix":6}},"ao":0,"ef":[{"ty":29,"nm":"Gaussian Blur","np":5,"mn":"ADBE Gaussian Blur 2","ix":1,"en":1,"ef":[{"ty":0,"nm":"Blurriness","mn":"ADBE Gaussian Blur 2-0001","ix":1,"v":{"a":0,"k":256.6,"ix":1}},{"ty":7,"nm":"Blur Dimensions","mn":"ADBE Gaussian Blur 2-0002","ix":2,"v":{"a":0,"k":1,"ix":2}},{"ty":7,"nm":"Repeat Edge Pixels","mn":"ADBE Gaussian Blur 2-0003","ix":3,"v":{"a":0,"k":0,"ix":3}}]}],"shapes":[{"ty":"gr","it":[{"ind":0,"ty":"sh","ix":1,"ks":{"a":0,"k":{"i":[[-288.21,0],[0,0],[0,-288.21],[288.21,0],[0,0],[0,288.21]],"o":[[0,0],[288.211,0],[0,288.21],[0,0],[-288.21,0],[0,-288.21]],"v":[[-163.288,-570.628],[221.822,-570.628],[714.406,0],[240.556,643.851],[-406.555,615.851],[-982.493,-7.369]],"c":true},"ix":2},"nm":"Path 1","mn":"ADBE Vector Shape - Group","hd":false},{"ty":"fl","c":{"a":0,"k":[1,1,1,1],"ix":4},"o":{"a":0,"k":100,"ix":5},"r":1,"bm":0,"nm":"Fill 1","mn":"ADBE Vector Graphic - Fill","hd":false},{"ty":"tr","p":{"a":0,"k":[761.481,510.393],"ix":2},"a":{"a":0,"k":[0,0],"ix":1},"s":{"a":0,"k":[100,100],"ix":3},"r":{"a":0,"k":0,"ix":6},"o":{"a":0,"k":100,"ix":7},"sk":{"a":0,"k":0,"ix":4},"sa":{"a":0,"k":0,"ix":5},"nm":"Transform"}],"nm":"Group 1","np":2,"cix":2,"bm":0,"ix":1,"mn":"ADBE Vector Group","hd":false}],"ip":0,"op":2700,"st":0,"bm":0},{"ddd":0,"ind":3,"ty":4,"nm":"Layer 3 Outlines 2","tt":2,"sr":1,"ks":{"p":{"a":1,"k":[{"i":{"x":0.1,"y":1},"o":{"x":0.8,"y":0},"t":0,"s":[2444.235,1445.753,0],"to":[0,0,0],"ti":[0,0,0]},{"t":108,"s":[2316.235,1459.753,0]}],"ix":2},"a":{"a":0,"k":[714.655,522.1,0],"ix":1},"s":{"a":1,"k":[{"i":{"x":[0.1,0.1,0.1],"y":[1,1,1]},"o":{"x":[0.8,0.8,0.8],"y":[0,0,0]},"t":0,"s":[144,144,100]},{"t":120,"s":[100,100,100]}],"ix":6}},"ao":0,"shapes":[{"ty":"gr","it":[{"ind":0,"ty":"sh","ix":1,"ks":{"a":0,"k":{"i":[[-288.21,0],[0,0],[0,-288.21],[288.21,0],[0,0],[0,288.21]],"o":[[0,0],[288.21,0],[0,288.21],[0,0],[-288.21,0],[0,-288.21]],"v":[[-192.555,-521.85],[192.555,-521.85],[714.405,0],[192.555,521.85],[-192.555,521.85],[-714.405,0]],"c":true},"ix":2},"nm":"Path 1","mn":"ADBE Vector Shape - Group","hd":false},{"ty":"fl","c":{"a":0,"k":[0.009104190153,0.227473105636,0.290196078431,1],"ix":4},"o":{"a":0,"k":100,"ix":5},"r":1,"bm":0,"nm":"Fill 1","mn":"ADBE Vector Graphic - Fill","hd":false},{"ty":"tr","p":{"a":0,"k":[714.655,522.1],"ix":2},"a":{"a":0,"k":[0,0],"ix":1},"s":{"a":0,"k":[100,100],"ix":3},"r":{"a":0,"k":0,"ix":6},"o":{"a":0,"k":100,"ix":7},"sk":{"a":0,"k":0,"ix":4},"sa":{"a":0,"k":0,"ix":5},"nm":"Transform"}],"nm":"Group 1","np":2,"cix":2,"bm":0,"ix":1,"mn":"ADBE Vector Group","hd":false}],"ip":0,"op":2700,"st":0,"bm":0},{"ddd":0,"ind":4,"ty":4,"nm":"Layer 3 Outlines","sr":1,"ks":{"p":{"a":1,"k":[{"i":{"x":0.1,"y":1},"o":{"x":0.8,"y":0},"t":0,"s":[2444.235,1445.753,0],"to":[0,0,0],"ti":[0,0,0]},{"t":108,"s":[2316.235,1459.753,0]}],"ix":2},"a":{"a":0,"k":[714.655,522.1,0],"ix":1},"s":{"a":1,"k":[{"i":{"x":[0.1,0.1,0.1],"y":[1,1,1]},"o":{"x":[0.8,0.8,0.8],"y":[0,0,0]},"t":0,"s":[144,144,100]},{"t":120,"s":[100,100,100]}],"ix":6}},"ao":0,"shapes":[{"ty":"gr","it":[{"ind":0,"ty":"sh","ix":1,"ks":{"a":0,"k":{"i":[[-288.21,0],[0,0],[0,-288.21],[288.21,0],[0,0],[0,288.21]],"o":[[0,0],[288.21,0],[0,288.21],[0,0],[-288.21,0],[0,-288.21]],"v":[[-192.555,-521.85],[192.555,-521.85],[714.405,0],[192.555,521.85],[-192.555,521.85],[-714.405,0]],"c":true},"ix":2},"nm":"Path 1","mn":"ADBE Vector Shape - Group","hd":false},{"ty":"fl","c":{"a":0,"k":[0.003921568627,0.172549019608,0.243137254902,1],"ix":4},"o":{"a":0,"k":100,"ix":5},"r":1,"bm":0,"nm":"Fill 1","mn":"ADBE Vector Graphic - Fill","hd":false},{"ty":"tr","p":{"a":0,"k":[714.655,522.1],"ix":2},"a":{"a":0,"k":[0,0],"ix":1},"s":{"a":0,"k":[100,100],"ix":3},"r":{"a":0,"k":0,"ix":6},"o":{"a":0,"k":100,"ix":7},"sk":{"a":0,"k":0,"ix":4},"sa":{"a":0,"k":0,"ix":5},"nm":"Transform"}],"nm":"Group 1","np":2,"cix":2,"bm":0,"ix":1,"mn":"ADBE Vector Group","hd":false}],"ip":0,"op":2700,"st":0,"bm":0},{"ddd":0,"ind":5,"ty":4,"nm":"Layer 5 Outlines 3","td":1,"sr":1,"ks":{"p":{"a":1,"k":[{"i":{"x":0.1,"y":1},"o":{"x":0.8,"y":0},"t":0,"s":[2177.575,457.914,0],"to":[0,0,0],"ti":[0,0,0]},{"t":114,"s":[2354.575,457.914,0]}],"ix":2},"a":{"a":0,"k":[403.865,236.664,0],"ix":1},"s":{"a":1,"k":[{"i":{"x":[0.388,0.388,0.388],"y":[0.775,1.188,2.413]},"o":{"x":[0.977,0.977,0.977],"y":[0,0,0]},"t":0,"s":[144,144,100]},{"i":{"x":[0.565,0.565,0.565],"y":[1,1,1]},"o":{"x":[0.242,0.242,0.242],"y":[0.631,0.017,-0.24]},"t":84,"s":[102.506,193.619,100]},{"t":120,"s":[100,100,100]}],"ix":6}},"ao":0,"ef":[{"ty":29,"nm":"Gaussian Blur","np":5,"mn":"ADBE Gaussian Blur 2","ix":1,"en":1,"ef":[{"ty":0,"nm":"Blurriness","mn":"ADBE Gaussian Blur 2-0001","ix":1,"v":{"a":0,"k":225.5,"ix":1}},{"ty":7,"nm":"Blur Dimensions","mn":"ADBE Gaussian Blur 2-0002","ix":2,"v":{"a":0,"k":1,"ix":2}},{"ty":7,"nm":"Repeat Edge Pixels","mn":"ADBE Gaussian Blur 2-0003","ix":3,"v":{"a":0,"k":0,"ix":3}}]}],"shapes":[{"ty":"gr","it":[{"ind":0,"ty":"sh","ix":1,"ks":{"a":0,"k":{"i":[[-129.463,0],[0,0],[0,-129.463],[129.463,0],[0,0],[0,129.463]],"o":[[0,0],[129.463,0],[0,129.463],[0,0],[-129.463,0],[0,-129.463]],"v":[[-238.201,-277.414],[356.201,-277.414],[590.615,-43],[398.201,235.414],[-202.201,319.414],[-472.615,-43]],"c":true},"ix":2},"nm":"Path 1","mn":"ADBE Vector Shape - Group","hd":false},{"ty":"fl","c":{"a":0,"k":[0.976470588235,0.700761263978,0.960252350452,1],"ix":4},"o":{"a":0,"k":100,"ix":5},"r":1,"bm":0,"nm":"Fill 1","mn":"ADBE Vector Graphic - Fill","hd":false},{"ty":"tr","p":{"a":0,"k":[449.919,379.045],"ix":2},"a":{"a":0,"k":[0,0],"ix":1},"s":{"a":0,"k":[116.164,127.286],"ix":3},"r":{"a":0,"k":0,"ix":6},"o":{"a":0,"k":100,"ix":7},"sk":{"a":0,"k":0,"ix":4},"sa":{"a":0,"k":0,"ix":5},"nm":"Transform"}],"nm":"Group 2","np":2,"cix":2,"bm":0,"ix":1,"mn":"ADBE Vector Group","hd":false}],"ip":0,"op":2700,"st":0,"bm":0},{"ddd":0,"ind":6,"ty":4,"nm":"Layer 5 Outlines 2","tt":2,"sr":1,"ks":{"p":{"a":1,"k":[{"i":{"x":0.1,"y":1},"o":{"x":0.8,"y":0},"t":0,"s":[2177.575,457.914,0],"to":[0,0,0],"ti":[0,0,0]},{"t":114,"s":[2354.575,457.914,0]}],"ix":2},"a":{"a":0,"k":[523.865,182.664,0],"ix":1},"s":{"a":1,"k":[{"i":{"x":[0.1,0.1,0.1],"y":[1,1,1]},"o":{"x":[0.8,0.8,0.8],"y":[0,0,0]},"t":0,"s":[144,144,100]},{"t":120,"s":[100,100,100]}],"ix":6}},"ao":0,"shapes":[{"ty":"gr","it":[{"ind":0,"ty":"sh","ix":1,"ks":{"a":0,"k":{"i":[[-129.463,0],[0,0],[0,-129.463],[129.463,0],[0,0],[0,129.463]],"o":[[0,0],[129.463,0],[0,129.463],[0,0],[-129.463,0],[0,-129.463]],"v":[[-297.201,-234.414],[297.201,-234.414],[531.615,0],[297.201,234.414],[-297.201,234.414],[-531.615,0]],"c":true},"ix":2},"nm":"Path 1","mn":"ADBE Vector Shape - Group","hd":false},{"ty":"fl","c":{"a":0,"k":[0.009104190153,0.227473105636,0.290196078431,1],"ix":4},"o":{"a":0,"k":100,"ix":5},"r":1,"bm":0,"nm":"Fill 1","mn":"ADBE Vector Graphic - Fill","hd":false},{"ty":"tr","p":{"a":0,"k":[531.865,234.664],"ix":2},"a":{"a":0,"k":[0,0],"ix":1},"s":{"a":0,"k":[100,100],"ix":3},"r":{"a":0,"k":0,"ix":6},"o":{"a":0,"k":100,"ix":7},"sk":{"a":0,"k":0,"ix":4},"sa":{"a":0,"k":0,"ix":5},"nm":"Transform"}],"nm":"Group 2","np":2,"cix":2,"bm":0,"ix":1,"mn":"ADBE Vector Group","hd":false}],"ip":0,"op":2700,"st":0,"bm":0},{"ddd":0,"ind":7,"ty":4,"nm":"Layer 5 Outlines","sr":1,"ks":{"p":{"a":1,"k":[{"i":{"x":0.1,"y":1},"o":{"x":0.8,"y":0},"t":0,"s":[2177.575,457.914,0],"to":[0,0,0],"ti":[0,0,0]},{"t":114,"s":[2354.575,457.914,0]}],"ix":2},"a":{"a":0,"k":[523.865,182.664,0],"ix":1},"s":{"a":1,"k":[{"i":{"x":[0.1,0.1,0.1],"y":[1,1,1]},"o":{"x":[0.8,0.8,0.8],"y":[0,0,0]},"t":0,"s":[144,144,100]},{"t":120,"s":[100,100,100]}],"ix":6}},"ao":0,"shapes":[{"ty":"gr","it":[{"ind":0,"ty":"sh","ix":1,"ks":{"a":0,"k":{"i":[[-129.463,0],[0,0],[0,-129.463],[129.463,0],[0,0],[0,129.463]],"o":[[0,0],[129.463,0],[0,129.463],[0,0],[-129.463,0],[0,-129.463]],"v":[[-297.201,-234.414],[297.201,-234.414],[531.615,0],[297.201,234.414],[-297.201,234.414],[-531.615,0]],"c":true},"ix":2},"nm":"Path 1","mn":"ADBE Vector Shape - Group","hd":false},{"ty":"fl","c":{"a":0,"k":[0.003921568627,0.172549019608,0.243137254902,1],"ix":4},"o":{"a":0,"k":100,"ix":5},"r":1,"bm":0,"nm":"Fill 1","mn":"ADBE Vector Graphic - Fill","hd":false},{"ty":"tr","p":{"a":0,"k":[531.865,234.664],"ix":2},"a":{"a":0,"k":[0,0],"ix":1},"s":{"a":0,"k":[100,100],"ix":3},"r":{"a":0,"k":0,"ix":6},"o":{"a":0,"k":100,"ix":7},"sk":{"a":0,"k":0,"ix":4},"sa":{"a":0,"k":0,"ix":5},"nm":"Transform"}],"nm":"Group 2","np":2,"cix":2,"bm":0,"ix":1,"mn":"ADBE Vector Group","hd":false}],"ip":0,"op":2700,"st":0,"bm":0},{"ddd":0,"ind":8,"ty":4,"nm":"Layer 8 Outlines 2","td":1,"sr":1,"ks":{"p":{"a":1,"k":[{"i":{"x":0.1,"y":1},"o":{"x":0.8,"y":0},"t":6,"s":[2044.275,748.14,0],"to":[0,0,0],"ti":[0,0,0]},{"t":120,"s":[2321.275,748.14,0]}],"ix":2},"a":{"a":0,"k":[615.795,113.501,0],"ix":1},"s":{"a":1,"k":[{"i":{"x":[0.1,0.1,0.1],"y":[1,1,1]},"o":{"x":[0.8,0.8,0.8],"y":[0,0,0]},"t":0,"s":[144,144,100]},{"t":120,"s":[100,100,100]}],"ix":6}},"ao":0,"ef":[{"ty":29,"nm":"Gaussian Blur","np":5,"mn":"ADBE Gaussian Blur 2","ix":1,"en":1,"ef":[{"ty":0,"nm":"Blurriness","mn":"ADBE Gaussian Blur 2-0001","ix":1,"v":{"a":0,"k":255.1,"ix":1}},{"ty":7,"nm":"Blur Dimensions","mn":"ADBE Gaussian Blur 2-0002","ix":2,"v":{"a":0,"k":1,"ix":2}},{"ty":7,"nm":"Repeat Edge Pixels","mn":"ADBE Gaussian Blur 2-0003","ix":3,"v":{"a":0,"k":0,"ix":3}}]}],"shapes":[{"ty":"gr","it":[{"ty":"gr","it":[{"ind":0,"ty":"sh","ix":1,"ks":{"a":0,"k":{"i":[[0,0],[0,-123.298],[-123.298,0],[0,0],[0,123.298],[123.298,0]],"o":[[-123.298,0],[0,123.298],[0,0],[123.298,0],[0,-123.298],[0,0]],"v":[[-482.294,-160.251],[-831.545,157],[-476.294,430.251],[416.294,422.251],[765.545,43],[358.294,-114.251]],"c":true},"ix":2},"nm":"Path 2","mn":"ADBE Vector Shape - Group","hd":false},{"ty":"tr","p":{"a":0,"k":[0,0],"ix":2},"a":{"a":0,"k":[0,0],"ix":1},"s":{"a":0,"k":[100,100],"ix":3},"r":{"a":0,"k":0,"ix":6},"o":{"a":0,"k":100,"ix":7},"sk":{"a":0,"k":0,"ix":4},"sa":{"a":0,"k":0,"ix":5},"nm":"Transform"}],"nm":"Group 1","np":1,"cix":2,"bm":0,"ix":1,"mn":"ADBE Vector Group","hd":false},{"ty":"fl","c":{"a":0,"k":[0.952941176471,0.97287196739,1,1],"ix":4},"o":{"a":0,"k":100,"ix":5},"r":1,"bm":0,"nm":"Fill 1","mn":"ADBE Vector Graphic - Fill","hd":false},{"ty":"tr","p":{"a":0,"k":[687.67,143.506],"ix":2},"a":{"a":0,"k":[0,0],"ix":1},"s":{"a":0,"k":[100,100],"ix":3},"r":{"a":0,"k":0,"ix":6},"o":{"a":0,"k":100,"ix":7},"sk":{"a":0,"k":0,"ix":4},"sa":{"a":0,"k":0,"ix":5},"nm":"Transform"}],"nm":"Group 4","np":2,"cix":2,"bm":0,"ix":1,"mn":"ADBE Vector Group","hd":false}],"ip":0,"op":2700,"st":0,"bm":0},{"ddd":0,"ind":9,"ty":4,"nm":"Layer 8 Outlines","tt":2,"sr":1,"ks":{"p":{"a":1,"k":[{"i":{"x":0.1,"y":1},"o":{"x":0.8,"y":0},"t":6,"s":[2044.275,748.14,0],"to":[0,0,0],"ti":[0,0,0]},{"t":120,"s":[2321.275,748.14,0]}],"ix":2},"a":{"a":0,"k":[634.795,171.501,0],"ix":1},"s":{"a":1,"k":[{"i":{"x":[0.1,0.1,0.1],"y":[1,1,1]},"o":{"x":[0.8,0.8,0.8],"y":[0,0,0]},"t":0,"s":[144,144,100]},{"t":120,"s":[100,100,100]}],"ix":6}},"ao":0,"shapes":[{"ty":"gr","it":[{"ty":"gr","it":[{"ind":0,"ty":"sh","ix":1,"ks":{"a":0,"k":{"i":[[0,0],[0,-123.298],[-123.298,0],[0,0],[0,123.298],[123.298,0]],"o":[[-123.298,0],[0,123.298],[0,0],[123.298,0],[0,-123.298],[0,0]],"v":[[-419.294,-223.251],[-642.545,0],[-419.294,223.251],[419.294,223.251],[642.545,0],[419.294,-223.251]],"c":true},"ix":2},"nm":"Path 2","mn":"ADBE Vector Shape - Group","hd":false},{"ty":"tr","p":{"a":0,"k":[0,0],"ix":2},"a":{"a":0,"k":[0,0],"ix":1},"s":{"a":0,"k":[100,100],"ix":3},"r":{"a":0,"k":0,"ix":6},"o":{"a":0,"k":100,"ix":7},"sk":{"a":0,"k":0,"ix":4},"sa":{"a":0,"k":0,"ix":5},"nm":"Transform"}],"nm":"Group 1","np":1,"cix":2,"bm":0,"ix":1,"mn":"ADBE Vector Group","hd":false},{"ty":"fl","c":{"a":0,"k":[0.009104190153,0.227473105636,0.290196078431,1],"ix":4},"o":{"a":0,"k":100,"ix":5},"r":1,"bm":0,"nm":"Fill 1","mn":"ADBE Vector Graphic - Fill","hd":false},{"ty":"tr","p":{"a":0,"k":[642.795,223.501],"ix":2},"a":{"a":0,"k":[0,0],"ix":1},"s":{"a":0,"k":[100,100],"ix":3},"r":{"a":0,"k":0,"ix":6},"o":{"a":0,"k":100,"ix":7},"sk":{"a":0,"k":0,"ix":4},"sa":{"a":0,"k":0,"ix":5},"nm":"Transform"}],"nm":"Group 4","np":2,"cix":2,"bm":0,"ix":1,"mn":"ADBE Vector Group","hd":false}],"ip":0,"op":2700,"st":0,"bm":0},{"ddd":0,"ind":10,"ty":4,"nm":"Layer 8 Outlines 3","sr":1,"ks":{"p":{"a":1,"k":[{"i":{"x":0.1,"y":1},"o":{"x":0.8,"y":0},"t":6,"s":[2044.275,748.14,0],"to":[0,0,0],"ti":[0,0,0]},{"t":120,"s":[2321.275,748.14,0]}],"ix":2},"a":{"a":0,"k":[634.795,171.501,0],"ix":1},"s":{"a":1,"k":[{"i":{"x":[0.1,0.1,0.1],"y":[1,1,1]},"o":{"x":[0.8,0.8,0.8],"y":[0,0,0]},"t":0,"s":[144,144,100]},{"t":120,"s":[100,100,100]}],"ix":6}},"ao":0,"shapes":[{"ty":"gr","it":[{"ty":"gr","it":[{"ind":0,"ty":"sh","ix":1,"ks":{"a":0,"k":{"i":[[0,0],[0,-123.298],[-123.298,0],[0,0],[0,123.298],[123.298,0]],"o":[[-123.298,0],[0,123.298],[0,0],[123.298,0],[0,-123.298],[0,0]],"v":[[-419.294,-223.251],[-642.545,0],[-419.294,223.251],[419.294,223.251],[642.545,0],[419.294,-223.251]],"c":true},"ix":2},"nm":"Path 2","mn":"ADBE Vector Shape - Group","hd":false},{"ty":"tr","p":{"a":0,"k":[0,0],"ix":2},"a":{"a":0,"k":[0,0],"ix":1},"s":{"a":0,"k":[100,100],"ix":3},"r":{"a":0,"k":0,"ix":6},"o":{"a":0,"k":100,"ix":7},"sk":{"a":0,"k":0,"ix":4},"sa":{"a":0,"k":0,"ix":5},"nm":"Transform"}],"nm":"Group 1","np":1,"cix":2,"bm":0,"ix":1,"mn":"ADBE Vector Group","hd":false},{"ty":"fl","c":{"a":0,"k":[0.003921568627,0.172549019608,0.243137254902,1],"ix":4},"o":{"a":0,"k":100,"ix":5},"r":1,"bm":0,"nm":"Fill 1","mn":"ADBE Vector Graphic - Fill","hd":false},{"ty":"tr","p":{"a":0,"k":[642.795,223.501],"ix":2},"a":{"a":0,"k":[0,0],"ix":1},"s":{"a":0,"k":[100,100],"ix":3},"r":{"a":0,"k":0,"ix":6},"o":{"a":0,"k":100,"ix":7},"sk":{"a":0,"k":0,"ix":4},"sa":{"a":0,"k":0,"ix":5},"nm":"Transform"}],"nm":"Group 4","np":2,"cix":2,"bm":0,"ix":1,"mn":"ADBE Vector Group","hd":false}],"ip":0,"op":2700,"st":0,"bm":0},{"ddd":0,"ind":11,"ty":4,"nm":"Layer 9 Outlines","sr":1,"ks":{"p":{"a":1,"k":[{"i":{"x":0.1,"y":1},"o":{"x":0.8,"y":0},"t":0,"s":[940.635,997.205,0],"to":[0,0,0],"ti":[0,0,0]},{"t":110,"s":[704.635,997.205,0]}],"ix":2},"a":{"a":0,"k":[704.885,490.705,0],"ix":1},"s":{"a":1,"k":[{"i":{"x":[0.1,0.1,0.1],"y":[1,1,1]},"o":{"x":[0.8,0.8,0.8],"y":[0,0,0]},"t":0,"s":[144,144,100]},{"t":120,"s":[100,100,100]}],"ix":6}},"ao":0,"shapes":[{"ty":"gr","it":[{"ind":0,"ty":"sh","ix":1,"ks":{"a":0,"k":{"i":[[-270.871,0],[0,0],[0,-270.871],[270.871,0],[0,0],[0,270.871]],"o":[[0,0],[270.871,0],[0,270.871],[0,0],[-270.871,0],[0,-270.871]],"v":[[-214.18,-490.455],[214.18,-490.455],[704.635,0],[214.18,490.455],[-214.18,490.455],[-704.635,0]],"c":true},"ix":2},"nm":"Path 1","mn":"ADBE Vector Shape - Group","hd":false},{"ty":"mm","mm":4,"nm":"Merge Paths 1","mn":"ADBE Vector Filter - Merge","hd":false},{"ty":"fl","c":{"a":0,"k":[0.003921568627,0.172549019608,0.243137254902,1],"ix":4},"o":{"a":0,"k":100,"ix":5},"r":1,"bm":0,"nm":"Fill 1","mn":"ADBE Vector Graphic - Fill","hd":false},{"ty":"tr","p":{"a":0,"k":[704.885,490.705],"ix":2},"a":{"a":0,"k":[0,0],"ix":1},"s":{"a":0,"k":[100,100],"ix":3},"r":{"a":0,"k":0,"ix":6},"o":{"a":0,"k":100,"ix":7},"sk":{"a":0,"k":0,"ix":4},"sa":{"a":0,"k":0,"ix":5},"nm":"Transform"}],"nm":"Group 1","np":3,"cix":2,"bm":0,"ix":1,"mn":"ADBE Vector Group","hd":false}],"ip":0,"op":2700,"st":0,"bm":0},{"ddd":0,"ind":12,"ty":4,"nm":"Layer 11 Outlines 3","td":1,"sr":1,"ks":{"p":{"a":0,"k":[1179.046,859.904,0],"ix":2},"a":{"a":0,"k":[-185.363,243.501,0],"ix":1},"s":{"a":1,"k":[{"i":{"x":[0.1,0.1,0.1],"y":[1,1,1]},"o":{"x":[0.8,0.8,0.8],"y":[0,0,0]},"t":0,"s":[144,144,100]},{"t":120,"s":[100,100,100]}],"ix":6}},"ao":0,"ef":[{"ty":29,"nm":"Gaussian Blur","np":5,"mn":"ADBE Gaussian Blur 2","ix":1,"en":1,"ef":[{"ty":0,"nm":"Blurriness","mn":"ADBE Gaussian Blur 2-0001","ix":1,"v":{"a":0,"k":199,"ix":1}},{"ty":7,"nm":"Blur Dimensions","mn":"ADBE Gaussian Blur 2-0002","ix":2,"v":{"a":0,"k":1,"ix":2}},{"ty":7,"nm":"Repeat Edge Pixels","mn":"ADBE Gaussian Blur 2-0003","ix":3,"v":{"a":0,"k":0,"ix":3}}]}],"shapes":[{"ty":"gr","it":[{"ty":"gr","it":[{"ind":0,"ty":"sh","ix":1,"ks":{"a":0,"k":{"i":[[0,0],[0,-123.298],[-123.298,0],[0,0],[0,123.298],[123.298,0]],"o":[[-123.298,0],[0,123.298],[0,0],[123.298,0],[0,-123.298],[0,0]],"v":[[-326.135,-167.251],[-657.386,52],[-546.135,557.251],[126.136,425.251],[293.387,56],[70.136,-167.251]],"c":true},"ix":2},"nm":"Path 2","mn":"ADBE Vector Shape - Group","hd":false},{"ty":"tr","p":{"a":0,"k":[0,0],"ix":2},"a":{"a":0,"k":[0,0],"ix":1},"s":{"a":0,"k":[100,100],"ix":3},"r":{"a":0,"k":0,"ix":6},"o":{"a":0,"k":100,"ix":7},"sk":{"a":0,"k":0,"ix":4},"sa":{"a":0,"k":0,"ix":5},"nm":"Transform"}],"nm":"Group 1","np":1,"cix":2,"bm":0,"ix":1,"mn":"ADBE Vector Group","hd":false},{"ty":"fl","c":{"a":0,"k":[0.913725490196,0.976470588235,1,1],"ix":4},"o":{"a":0,"k":100,"ix":5},"r":1,"bm":0,"nm":"Fill 1","mn":"ADBE Vector Graphic - Fill","hd":false},{"ty":"tr","p":{"a":0,"k":[421.637,223.501],"ix":2},"a":{"a":0,"k":[0,0],"ix":1},"s":{"a":0,"k":[100,100],"ix":3},"r":{"a":0,"k":0,"ix":6},"o":{"a":0,"k":100,"ix":7},"sk":{"a":0,"k":0,"ix":4},"sa":{"a":0,"k":0,"ix":5},"nm":"Transform"}],"nm":"Group 2","np":2,"cix":2,"bm":0,"ix":1,"mn":"ADBE Vector Group","hd":false}],"ip":0,"op":2700,"st":0,"bm":0},{"ddd":0,"ind":13,"ty":4,"nm":"Layer 11 Outlines 2","tt":2,"sr":1,"ks":{"p":{"a":0,"k":[1179.046,859.904,0],"ix":2},"a":{"a":0,"k":[421.637,223.501,0],"ix":1},"s":{"a":1,"k":[{"i":{"x":[0.1,0.1,0.1],"y":[1,1,1]},"o":{"x":[0.8,0.8,0.8],"y":[0,0,0]},"t":0,"s":[144,144,100]},{"t":120,"s":[100,100,100]}],"ix":6}},"ao":0,"shapes":[{"ty":"gr","it":[{"ty":"gr","it":[{"ind":0,"ty":"sh","ix":1,"ks":{"a":0,"k":{"i":[[0,0],[0,-185.648],[-133.558,0],[0,0],[0,185.648],[133.557,0]],"o":[[-133.558,0],[0,185.648],[0,0],[133.557,0],[0,-185.648],[0,0]],"v":[[-249.685,-223.251],[-491.512,112.895],[-249.685,449.04],[179.559,449.04],[421.387,112.895],[179.559,-223.251]],"c":true},"ix":2},"nm":"Path 2","mn":"ADBE Vector Shape - Group","hd":false},{"ty":"tr","p":{"a":0,"k":[0,0],"ix":2},"a":{"a":0,"k":[0,0],"ix":1},"s":{"a":0,"k":[100,100],"ix":3},"r":{"a":0,"k":0,"ix":6},"o":{"a":0,"k":100,"ix":7},"sk":{"a":0,"k":0,"ix":4},"sa":{"a":0,"k":0,"ix":5},"nm":"Transform"}],"nm":"Group 1","np":1,"cix":2,"bm":0,"ix":1,"mn":"ADBE Vector Group","hd":false},{"ty":"fl","c":{"a":0,"k":[0.009104190153,0.227473105636,0.290196078431,1],"ix":4},"o":{"a":0,"k":100,"ix":5},"r":1,"bm":0,"nm":"Fill 1","mn":"ADBE Vector Graphic - Fill","hd":false},{"ty":"tr","p":{"a":0,"k":[421.637,223.501],"ix":2},"a":{"a":0,"k":[0,0],"ix":1},"s":{"a":0,"k":[100,100],"ix":3},"r":{"a":0,"k":0,"ix":6},"o":{"a":0,"k":100,"ix":7},"sk":{"a":0,"k":0,"ix":4},"sa":{"a":0,"k":0,"ix":5},"nm":"Transform"}],"nm":"Group 2","np":2,"cix":2,"bm":0,"ix":1,"mn":"ADBE Vector Group","hd":false}],"ip":0,"op":2700,"st":0,"bm":0},{"ddd":0,"ind":14,"ty":4,"nm":"Layer 11 Outlines","sr":1,"ks":{"p":{"a":0,"k":[1179.046,859.904,0],"ix":2},"a":{"a":0,"k":[421.637,223.501,0],"ix":1},"s":{"a":1,"k":[{"i":{"x":[0.1,0.1,0.1],"y":[1,1,1]},"o":{"x":[0.8,0.8,0.8],"y":[0,0,0]},"t":0,"s":[144,144,100]},{"t":120,"s":[100,100,100]}],"ix":6}},"ao":0,"shapes":[{"ty":"gr","it":[{"ty":"gr","it":[{"ind":0,"ty":"sh","ix":1,"ks":{"a":0,"k":{"i":[[0,0],[0,-185.648],[-133.558,0],[0,0],[0,185.648],[133.557,0]],"o":[[-133.558,0],[0,185.648],[0,0],[133.557,0],[0,-185.648],[0,0]],"v":[[-249.685,-223.251],[-491.512,112.895],[-249.685,449.04],[179.559,449.04],[421.387,112.895],[179.559,-223.251]],"c":true},"ix":2},"nm":"Path 2","mn":"ADBE Vector Shape - Group","hd":false},{"ty":"tr","p":{"a":0,"k":[0,0],"ix":2},"a":{"a":0,"k":[0,0],"ix":1},"s":{"a":0,"k":[100,100],"ix":3},"r":{"a":0,"k":0,"ix":6},"o":{"a":0,"k":100,"ix":7},"sk":{"a":0,"k":0,"ix":4},"sa":{"a":0,"k":0,"ix":5},"nm":"Transform"}],"nm":"Group 1","np":1,"cix":2,"bm":0,"ix":1,"mn":"ADBE Vector Group","hd":false},{"ty":"fl","c":{"a":0,"k":[0.003921568627,0.172549019608,0.243137254902,1],"ix":4},"o":{"a":0,"k":100,"ix":5},"r":1,"bm":0,"nm":"Fill 1","mn":"ADBE Vector Graphic - Fill","hd":false},{"ty":"tr","p":{"a":0,"k":[421.637,223.501],"ix":2},"a":{"a":0,"k":[0,0],"ix":1},"s":{"a":0,"k":[100,100],"ix":3},"r":{"a":0,"k":0,"ix":6},"o":{"a":0,"k":100,"ix":7},"sk":{"a":0,"k":0,"ix":4},"sa":{"a":0,"k":0,"ix":5},"nm":"Transform"}],"nm":"Group 2","np":2,"cix":2,"bm":0,"ix":1,"mn":"ADBE Vector Group","hd":false}],"ip":0,"op":2700,"st":0,"bm":0},{"ddd":0,"ind":15,"ty":4,"nm":"Layer 13 Outlines","sr":1,"ks":{"p":{"a":0,"k":[1899.521,753.047,0],"ix":2},"a":{"a":0,"k":[400.381,86.387,0],"ix":1},"s":{"a":1,"k":[{"i":{"x":[0.1,0.1,0.1],"y":[1,1,1]},"o":{"x":[0.8,0.8,0.8],"y":[0,0,0]},"t":0,"s":[144,144,100]},{"t":120,"s":[100,100,100]}],"ix":6}},"ao":0,"shapes":[{"ty":"gr","it":[{"ind":0,"ty":"sh","ix":1,"ks":{"a":0,"k":{"i":[[-102.976,0],[0,0],[0,-102.975],[102.976,0],[0,0],[0,102.976]],"o":[[0,0],[102.976,0],[0,102.976],[0,0],[-102.976,0],[0,-102.975]],"v":[[-244.676,-131.772],[-244.692,-132.047],[-58.238,54.407],[-244.692,240.862],[-244.676,241.137],[-431.131,54.682]],"c":true},"ix":2},"nm":"Path 1","mn":"ADBE Vector Shape - Group","hd":false},{"ty":"fl","c":{"a":0,"k":[0.003921568627,0.172549019608,0.243137254902,1],"ix":4},"o":{"a":0,"k":100,"ix":5},"r":1,"bm":0,"nm":"Fill 1","mn":"ADBE Vector Graphic - Fill","hd":false},{"ty":"tr","p":{"a":0,"k":[408.381,138.387],"ix":2},"a":{"a":0,"k":[0,0],"ix":1},"s":{"a":0,"k":[100,100],"ix":3},"r":{"a":0,"k":0,"ix":6},"o":{"a":0,"k":100,"ix":7},"sk":{"a":0,"k":0,"ix":4},"sa":{"a":0,"k":0,"ix":5},"nm":"Transform"}],"nm":"Group 1","np":2,"cix":2,"bm":0,"ix":1,"mn":"ADBE Vector Group","hd":false}],"ip":0,"op":2700,"st":0,"bm":0},{"ddd":0,"ind":16,"ty":4,"nm":"Layer 15 Outlines","sr":1,"ks":{"p":{"a":0,"k":[1480.436,1181.388,0],"ix":2},"a":{"a":0,"k":[714.655,306.523,0],"ix":1},"s":{"a":1,"k":[{"i":{"x":[0.1,0.1,0.1],"y":[1,1,1]},"o":{"x":[0.8,0.8,0.8],"y":[0,0,0]},"t":0,"s":[144,144,100]},{"t":120,"s":[100,100,100]}],"ix":6}},"ao":0,"shapes":[{"ty":"gr","it":[{"ind":0,"ty":"sh","ix":1,"ks":{"a":0,"k":{"i":[[-169.15,0],[0,0],[0,-169.15],[169.15,0],[0,0],[0,169.15]],"o":[[0,0],[169.15,0],[0,169.15],[0,0],[-169.15,0],[0,-169.15]],"v":[[-408.132,-306.273],[408.132,-306.273],[714.405,0],[408.132,306.273],[-408.132,306.273],[-714.405,0]],"c":true},"ix":2},"nm":"Path 1","mn":"ADBE Vector Shape - Group","hd":false},{"ty":"fl","c":{"a":0,"k":[0.003921568627,0.172549019608,0.243137254902,1],"ix":4},"o":{"a":0,"k":100,"ix":5},"r":1,"bm":0,"nm":"Fill 1","mn":"ADBE Vector Graphic - Fill","hd":false},{"ty":"tr","p":{"a":0,"k":[714.655,306.523],"ix":2},"a":{"a":0,"k":[0,0],"ix":1},"s":{"a":0,"k":[100,100],"ix":3},"r":{"a":0,"k":0,"ix":6},"o":{"a":0,"k":100,"ix":7},"sk":{"a":0,"k":0,"ix":4},"sa":{"a":0,"k":0,"ix":5},"nm":"Transform"}],"nm":"Group 1","np":2,"cix":2,"bm":0,"ix":1,"mn":"ADBE Vector Group","hd":false}],"ip":0,"op":2700,"st":0,"bm":0}]},{"id":"comp_1","layers":[{"ddd":0,"ind":1,"ty":4,"nm":"Shape Layer 3","sr":1,"ks":{"p":{"a":1,"k":[{"i":{"x":0.833,"y":0.833},"o":{"x":0.167,"y":0.167},"t":0,"s":[1500,5379,0],"to":[0,-2246.667,0],"ti":[0,2246.667,0]},{"t":820,"s":[1500,-8101,0]}],"ix":2}},"ao":0,"shapes":[{"ty":"gr","it":[{"ty":"rc","d":1,"s":{"a":0,"k":[3000,1800],"ix":2},"p":{"a":0,"k":[0,0],"ix":3},"r":{"a":0,"k":0,"ix":4},"nm":"Rectangle Path 1","mn":"ADBE Vector Shape - Rect","hd":false},{"ty":"gf","o":{"a":0,"k":100,"ix":10},"r":1,"bm":0,"g":{"p":3,"k":{"a":0,"k":[0,0,0.737,0.949,0.5,0,0.737,0.949,1,0,0.737,0.949,0,1,0.5,0.5,1,0],"ix":9}},"s":{"a":0,"k":[0,-450],"ix":5},"e":{"a":0,"k":[0,450],"ix":6},"t":1,"nm":"Gradient Fill 1","mn":"ADBE Vector Graphic - G-Fill","hd":false},{"ty":"tr","p":{"a":0,"k":[0,0],"ix":2},"a":{"a":0,"k":[0,0],"ix":1},"s":{"a":0,"k":[100,100],"ix":3},"r":{"a":0,"k":0,"ix":6},"o":{"a":0,"k":100,"ix":7},"sk":{"a":0,"k":0,"ix":4},"sa":{"a":0,"k":0,"ix":5},"nm":"Transform"}],"nm":"Rectangle 1","np":3,"cix":2,"bm":0,"ix":1,"mn":"ADBE Vector Group","hd":false}],"ip":0,"op":821,"st":0,"bm":0},{"ddd":0,"ind":2,"ty":4,"nm":"Shape Layer 1","sr":1,"ks":{"r":{"a":0,"k":180,"ix":10},"p":{"a":1,"k":[{"i":{"x":0.833,"y":0.833},"o":{"x":0.167,"y":0.167},"t":0,"s":[1500,5379,0],"to":[0,-2246.667,0],"ti":[0,2246.667,0]},{"t":820,"s":[1500,-8101,0]}],"ix":2}},"ao":0,"shapes":[{"ty":"gr","it":[{"ty":"rc","d":1,"s":{"a":0,"k":[3000,1800],"ix":2},"p":{"a":0,"k":[0,0],"ix":3},"r":{"a":0,"k":0,"ix":4},"nm":"Rectangle Path 1","mn":"ADBE Vector Shape - Rect","hd":false},{"ty":"gf","o":{"a":0,"k":100,"ix":10},"r":1,"bm":0,"g":{"p":3,"k":{"a":0,"k":[0,0.325,0.859,0.486,0.5,0.325,0.859,0.486,1,0.325,0.859,0.486],"ix":9}},"s":{"a":0,"k":[0,0],"ix":5},"e":{"a":0,"k":[0,900],"ix":6},"t":1,"nm":"Gradient Fill 1","mn":"ADBE Vector Graphic - G-Fill","hd":false},{"ty":"tr","p":{"a":0,"k":[0,0],"ix":2},"a":{"a":0,"k":[0,0],"ix":1},"s":{"a":0,"k":[100,100],"ix":3},"r":{"a":0,"k":0,"ix":6},"o":{"a":0,"k":100,"ix":7},"sk":{"a":0,"k":0,"ix":4},"sa":{"a":0,"k":0,"ix":5},"nm":"Transform"}],"nm":"Rectangle 1","np":3,"cix":2,"bm":0,"ix":1,"mn":"ADBE Vector Group","hd":false}],"ip":0,"op":821,"st":0,"bm":0},{"ddd":0,"ind":3,"ty":4,"nm":"Shape Layer 5","sr":1,"ks":{"p":{"a":1,"k":[{"i":{"x":0.833,"y":0.833},"o":{"x":0.167,"y":0.167},"t":0,"s":[1500,7171,0],"to":[0,-2246.667,0],"ti":[0,2246.667,0]},{"t":820,"s":[1500,-6309,0]}],"ix":2}},"ao":0,"shapes":[{"ty":"gr","it":[{"ty":"rc","d":1,"s":{"a":0,"k":[3000,1800],"ix":2},"p":{"a":0,"k":[0,0],"ix":3},"r":{"a":0,"k":0,"ix":4},"nm":"Rectangle Path 1","mn":"ADBE Vector Shape - Rect","hd":false},{"ty":"gf","o":{"a":0,"k":100,"ix":10},"r":1,"bm":0,"g":{"p":3,"k":{"a":0,"k":[0,0.325,0.859,0.486,0.5,0.325,0.859,0.486,1,0.325,0.859,0.486,0,1,0.5,0.5,1,0],"ix":9}},"s":{"a":0,"k":[0,-450],"ix":5},"e":{"a":0,"k":[0,450],"ix":6},"t":1,"nm":"Gradient Fill 1","mn":"ADBE Vector Graphic - G-Fill","hd":false},{"ty":"tr","p":{"a":0,"k":[0,0],"ix":2},"a":{"a":0,"k":[0,0],"ix":1},"s":{"a":0,"k":[100,100],"ix":3},"r":{"a":0,"k":0,"ix":6},"o":{"a":0,"k":100,"ix":7},"sk":{"a":0,"k":0,"ix":4},"sa":{"a":0,"k":0,"ix":5},"nm":"Transform"}],"nm":"Rectangle 1","np":3,"cix":2,"bm":0,"ix":1,"mn":"ADBE Vector Group","hd":false}],"ip":0,"op":821,"st":0,"bm":0},{"ddd":0,"ind":4,"ty":4,"nm":"Shape Layer 4","sr":1,"ks":{"r":{"a":0,"k":180,"ix":10},"p":{"a":1,"k":[{"i":{"x":0.833,"y":0.833},"o":{"x":0.167,"y":0.167},"t":0,"s":[1500,7171,0],"to":[0,-2246.667,0],"ti":[0,2246.667,0]},{"t":820,"s":[1500,-6309,0]}],"ix":2}},"ao":0,"shapes":[{"ty":"gr","it":[{"ty":"rc","d":1,"s":{"a":0,"k":[3000,1800],"ix":2},"p":{"a":0,"k":[0,0],"ix":3},"r":{"a":0,"k":0,"ix":4},"nm":"Rectangle Path 1","mn":"ADBE Vector Shape - Rect","hd":false},{"ty":"gf","o":{"a":0,"k":100,"ix":10},"r":1,"bm":0,"g":{"p":3,"k":{"a":0,"k":[0,0.157,0.796,0.725,0.5,0.157,0.796,0.725,1,0.157,0.796,0.725],"ix":9}},"s":{"a":0,"k":[0,0],"ix":5},"e":{"a":0,"k":[0,900],"ix":6},"t":1,"nm":"Gradient Fill 1","mn":"ADBE Vector Graphic - G-Fill","hd":false},{"ty":"tr","p":{"a":0,"k":[0,0],"ix":2},"a":{"a":0,"k":[0,0],"ix":1},"s":{"a":0,"k":[100,100],"ix":3},"r":{"a":0,"k":0,"ix":6},"o":{"a":0,"k":100,"ix":7},"sk":{"a":0,"k":0,"ix":4},"sa":{"a":0,"k":0,"ix":5},"nm":"Transform"}],"nm":"Rectangle 1","np":3,"cix":2,"bm":0,"ix":1,"mn":"ADBE Vector Group","hd":false}],"ip":0,"op":821,"st":0,"bm":0},{"ddd":0,"ind":5,"ty":4,"nm":"Shape Layer 7","sr":1,"ks":{"p":{"a":1,"k":[{"i":{"x":0.833,"y":0.833},"o":{"x":0.167,"y":0.167},"t":0,"s":[1500,8967,0],"to":[0,-2246.667,0],"ti":[0,2246.667,0]},{"t":820,"s":[1500,-4513,0]}],"ix":2}},"ao":0,"shapes":[{"ty":"gr","it":[{"ty":"rc","d":1,"s":{"a":0,"k":[3000,1800],"ix":2},"p":{"a":0,"k":[0,0],"ix":3},"r":{"a":0,"k":0,"ix":4},"nm":"Rectangle Path 1","mn":"ADBE Vector Shape - Rect","hd":false},{"ty":"gf","o":{"a":0,"k":100,"ix":10},"r":1,"bm":0,"g":{"p":3,"k":{"a":0,"k":[0,0.157,0.796,0.725,0.5,0.157,0.796,0.725,1,0.157,0.796,0.725,0,1,0.5,0.5,1,0],"ix":9}},"s":{"a":0,"k":[0,-450],"ix":5},"e":{"a":0,"k":[0,450],"ix":6},"t":1,"nm":"Gradient Fill 1","mn":"ADBE Vector Graphic - G-Fill","hd":false},{"ty":"tr","p":{"a":0,"k":[0,0],"ix":2},"a":{"a":0,"k":[0,0],"ix":1},"s":{"a":0,"k":[100,100],"ix":3},"r":{"a":0,"k":0,"ix":6},"o":{"a":0,"k":100,"ix":7},"sk":{"a":0,"k":0,"ix":4},"sa":{"a":0,"k":0,"ix":5},"nm":"Transform"}],"nm":"Rectangle 1","np":3,"cix":2,"bm":0,"ix":1,"mn":"ADBE Vector Group","hd":false}],"ip":0,"op":821,"st":0,"bm":0},{"ddd":0,"ind":6,"ty":4,"nm":"Shape Layer 6","sr":1,"ks":{"r":{"a":0,"k":180,"ix":10},"p":{"a":1,"k":[{"i":{"x":0.833,"y":0.833},"o":{"x":0.167,"y":0.167},"t":0,"s":[1500,8967,0],"to":[0,-2246.667,0],"ti":[0,2246.667,0]},{"t":820,"s":[1500,-4513,0]}],"ix":2}},"ao":0,"shapes":[{"ty":"gr","it":[{"ty":"rc","d":1,"s":{"a":0,"k":[3000,1800],"ix":2},"p":{"a":0,"k":[0,0],"ix":3},"r":{"a":0,"k":0,"ix":4},"nm":"Rectangle Path 1","mn":"ADBE Vector Shape - Rect","hd":false},{"ty":"gf","o":{"a":0,"k":100,"ix":10},"r":1,"bm":0,"g":{"p":3,"k":{"a":0,"k":[0,0.816,0.176,0.98,0.5,0.816,0.176,0.98,1,0.816,0.176,0.98],"ix":9}},"s":{"a":0,"k":[0,0],"ix":5},"e":{"a":0,"k":[0,900],"ix":6},"t":1,"nm":"Gradient Fill 1","mn":"ADBE Vector Graphic - G-Fill","hd":false},{"ty":"tr","p":{"a":0,"k":[0,0],"ix":2},"a":{"a":0,"k":[0,0],"ix":1},"s":{"a":0,"k":[100,100],"ix":3},"r":{"a":0,"k":0,"ix":6},"o":{"a":0,"k":100,"ix":7},"sk":{"a":0,"k":0,"ix":4},"sa":{"a":0,"k":0,"ix":5},"nm":"Transform"}],"nm":"Rectangle 1","np":3,"cix":2,"bm":0,"ix":1,"mn":"ADBE Vector Group","hd":false}],"ip":0,"op":821,"st":0,"bm":0},{"ddd":0,"ind":7,"ty":4,"nm":"Shape Layer 9","sr":1,"ks":{"p":{"a":1,"k":[{"i":{"x":0.833,"y":0.833},"o":{"x":0.167,"y":0.167},"t":0,"s":[1500,10751,0],"to":[0,-2246.667,0],"ti":[0,2246.667,0]},{"t":820,"s":[1500,-2729,0]}],"ix":2}},"ao":0,"shapes":[{"ty":"gr","it":[{"ty":"rc","d":1,"s":{"a":0,"k":[3000,1800],"ix":2},"p":{"a":0,"k":[0,0],"ix":3},"r":{"a":0,"k":0,"ix":4},"nm":"Rectangle Path 1","mn":"ADBE Vector Shape - Rect","hd":false},{"ty":"gf","o":{"a":0,"k":100,"ix":10},"r":1,"bm":0,"g":{"p":3,"k":{"a":0,"k":[0,0.816,0.176,0.98,0.5,0.816,0.176,0.98,1,0.816,0.176,0.98,0,1,0.5,0.5,1,0],"ix":9}},"s":{"a":0,"k":[0,-450],"ix":5},"e":{"a":0,"k":[0,450],"ix":6},"t":1,"nm":"Gradient Fill 1","mn":"ADBE Vector Graphic - G-Fill","hd":false},{"ty":"tr","p":{"a":0,"k":[0,0],"ix":2},"a":{"a":0,"k":[0,0],"ix":1},"s":{"a":0,"k":[100,100],"ix":3},"r":{"a":0,"k":0,"ix":6},"o":{"a":0,"k":100,"ix":7},"sk":{"a":0,"k":0,"ix":4},"sa":{"a":0,"k":0,"ix":5},"nm":"Transform"}],"nm":"Rectangle 1","np":3,"cix":2,"bm":0,"ix":1,"mn":"ADBE Vector Group","hd":false}],"ip":0,"op":821,"st":0,"bm":0},{"ddd":0,"ind":8,"ty":4,"nm":"Shape Layer 8","sr":1,"ks":{"r":{"a":0,"k":180,"ix":10},"p":{"a":1,"k":[{"i":{"x":0.833,"y":0.833},"o":{"x":0.167,"y":0.167},"t":0,"s":[1500,10751,0],"to":[0,-2246.667,0],"ti":[0,2246.667,0]},{"t":820,"s":[1500,-2729,0]}],"ix":2}},"ao":0,"shapes":[{"ty":"gr","it":[{"ty":"rc","d":1,"s":{"a":0,"k":[3000,1800],"ix":2},"p":{"a":0,"k":[0,0],"ix":3},"r":{"a":0,"k":0,"ix":4},"nm":"Rectangle Path 1","mn":"ADBE Vector Shape - Rect","hd":false},{"ty":"gf","o":{"a":0,"k":100,"ix":10},"r":1,"bm":0,"g":{"p":3,"k":{"a":0,"k":[0,0.412,0.455,0.965,0.5,0.412,0.455,0.965,1,0.412,0.455,0.965],"ix":9}},"s":{"a":0,"k":[0,0],"ix":5},"e":{"a":0,"k":[0,900],"ix":6},"t":1,"nm":"Gradient Fill 1","mn":"ADBE Vector Graphic - G-Fill","hd":false},{"ty":"tr","p":{"a":0,"k":[0,0],"ix":2},"a":{"a":0,"k":[0,0],"ix":1},"s":{"a":0,"k":[100,100],"ix":3},"r":{"a":0,"k":0,"ix":6},"o":{"a":0,"k":100,"ix":7},"sk":{"a":0,"k":0,"ix":4},"sa":{"a":0,"k":0,"ix":5},"nm":"Transform"}],"nm":"Rectangle 1","np":3,"cix":2,"bm":0,"ix":1,"mn":"ADBE Vector Group","hd":false}],"ip":0,"op":821,"st":0,"bm":0},{"ddd":0,"ind":9,"ty":4,"nm":"Shape Layer 11","sr":1,"ks":{"p":{"a":1,"k":[{"i":{"x":0.833,"y":0.833},"o":{"x":0.167,"y":0.167},"t":0,"s":[1500,12523,0],"to":[0,-2246.667,0],"ti":[0,2246.667,0]},{"t":820,"s":[1500,-957,0]}],"ix":2}},"ao":0,"shapes":[{"ty":"gr","it":[{"ty":"rc","d":1,"s":{"a":0,"k":[3000,1800],"ix":2},"p":{"a":0,"k":[0,0],"ix":3},"r":{"a":0,"k":0,"ix":4},"nm":"Rectangle Path 1","mn":"ADBE Vector Shape - Rect","hd":false},{"ty":"gf","o":{"a":0,"k":100,"ix":10},"r":1,"bm":0,"g":{"p":3,"k":{"a":0,"k":[0,0.412,0.455,0.965,0.5,0.412,0.455,0.965,1,0.412,0.455,0.965,0,1,0.5,0.5,1,0],"ix":9}},"s":{"a":0,"k":[0,-450],"ix":5},"e":{"a":0,"k":[0,450],"ix":6},"t":1,"nm":"Gradient Fill 1","mn":"ADBE Vector Graphic - G-Fill","hd":false},{"ty":"tr","p":{"a":0,"k":[0,0],"ix":2},"a":{"a":0,"k":[0,0],"ix":1},"s":{"a":0,"k":[100,100],"ix":3},"r":{"a":0,"k":0,"ix":6},"o":{"a":0,"k":100,"ix":7},"sk":{"a":0,"k":0,"ix":4},"sa":{"a":0,"k":0,"ix":5},"nm":"Transform"}],"nm":"Rectangle 1","np":3,"cix":2,"bm":0,"ix":1,"mn":"ADBE Vector Group","hd":false}],"ip":0,"op":821,"st":0,"bm":0},{"ddd":0,"ind":10,"ty":4,"nm":"Shape Layer 10","sr":1,"ks":{"r":{"a":0,"k":180,"ix":10},"p":{"a":1,"k":[{"i":{"x":0.833,"y":0.833},"o":{"x":0.167,"y":0.167},"t":0,"s":[1500,12523,0],"to":[0,-2246.667,0],"ti":[0,2246.667,0]},{"t":820,"s":[1500,-957,0]}],"ix":2}},"ao":0,"shapes":[{"ty":"gr","it":[{"ty":"rc","d":1,"s":{"a":0,"k":[3000,1800],"ix":2},"p":{"a":0,"k":[0,0],"ix":3},"r":{"a":0,"k":0,"ix":4},"nm":"Rectangle Path 1","mn":"ADBE Vector Shape - Rect","hd":false},{"ty":"gf","o":{"a":0,"k":100,"ix":10},"r":1,"bm":0,"g":{"p":3,"k":{"a":0,"k":[0,0,0.737,0.949,0.5,0,0.737,0.949,1,0,0.737,0.949],"ix":9}},"s":{"a":0,"k":[0,0],"ix":5},"e":{"a":0,"k":[0,900],"ix":6},"t":1,"nm":"Gradient Fill 1","mn":"ADBE Vector Graphic - G-Fill","hd":false},{"ty":"tr","p":{"a":0,"k":[0,0],"ix":2},"a":{"a":0,"k":[0,0],"ix":1},"s":{"a":0,"k":[100,100],"ix":3},"r":{"a":0,"k":0,"ix":6},"o":{"a":0,"k":100,"ix":7},"sk":{"a":0,"k":0,"ix":4},"sa":{"a":0,"k":0,"ix":5},"nm":"Transform"}],"nm":"Rectangle 1","np":3,"cix":2,"bm":0,"ix":1,"mn":"ADBE Vector Group","hd":false}],"ip":0,"op":821,"st":0,"bm":0},{"ddd":0,"ind":11,"ty":4,"nm":"Shape Layer 21","sr":1,"ks":{"p":{"a":1,"k":[{"i":{"x":0.833,"y":0.833},"o":{"x":0.167,"y":0.167},"t":540,"s":[1500,5379,0],"to":[0,-2246.667,0],"ti":[0,2246.667,0]},{"t":1360,"s":[1500,-8101,0]}],"ix":2}},"ao":0,"shapes":[{"ty":"gr","it":[{"ty":"rc","d":1,"s":{"a":0,"k":[3000,1800],"ix":2},"p":{"a":0,"k":[0,0],"ix":3},"r":{"a":0,"k":0,"ix":4},"nm":"Rectangle Path 1","mn":"ADBE Vector Shape - Rect","hd":false},{"ty":"gf","o":{"a":0,"k":100,"ix":10},"r":1,"bm":0,"g":{"p":3,"k":{"a":0,"k":[0,0,0.737,0.949,0.5,0,0.737,0.949,1,0,0.737,0.949,0,1,0.5,0.5,1,0],"ix":9}},"s":{"a":0,"k":[0,-450],"ix":5},"e":{"a":0,"k":[0,450],"ix":6},"t":1,"nm":"Gradient Fill 1","mn":"ADBE Vector Graphic - G-Fill","hd":false},{"ty":"tr","p":{"a":0,"k":[0,0],"ix":2},"a":{"a":0,"k":[0,0],"ix":1},"s":{"a":0,"k":[100,100],"ix":3},"r":{"a":0,"k":0,"ix":6},"o":{"a":0,"k":100,"ix":7},"sk":{"a":0,"k":0,"ix":4},"sa":{"a":0,"k":0,"ix":5},"nm":"Transform"}],"nm":"Rectangle 1","np":3,"cix":2,"bm":0,"ix":1,"mn":"ADBE Vector Group","hd":false}],"ip":540,"op":1361,"st":540,"bm":0},{"ddd":0,"ind":12,"ty":4,"nm":"Shape Layer 20","sr":1,"ks":{"r":{"a":0,"k":180,"ix":10},"p":{"a":1,"k":[{"i":{"x":0.833,"y":0.833},"o":{"x":0.167,"y":0.167},"t":540,"s":[1500,5379,0],"to":[0,-2246.667,0],"ti":[0,2246.667,0]},{"t":1360,"s":[1500,-8101,0]}],"ix":2}},"ao":0,"shapes":[{"ty":"gr","it":[{"ty":"rc","d":1,"s":{"a":0,"k":[3000,1800],"ix":2},"p":{"a":0,"k":[0,0],"ix":3},"r":{"a":0,"k":0,"ix":4},"nm":"Rectangle Path 1","mn":"ADBE Vector Shape - Rect","hd":false},{"ty":"gf","o":{"a":0,"k":100,"ix":10},"r":1,"bm":0,"g":{"p":3,"k":{"a":0,"k":[0,0.325,0.859,0.486,0.5,0.325,0.859,0.486,1,0.325,0.859,0.486],"ix":9}},"s":{"a":0,"k":[0,0],"ix":5},"e":{"a":0,"k":[0,900],"ix":6},"t":1,"nm":"Gradient Fill 1","mn":"ADBE Vector Graphic - G-Fill","hd":false},{"ty":"tr","p":{"a":0,"k":[0,0],"ix":2},"a":{"a":0,"k":[0,0],"ix":1},"s":{"a":0,"k":[100,100],"ix":3},"r":{"a":0,"k":0,"ix":6},"o":{"a":0,"k":100,"ix":7},"sk":{"a":0,"k":0,"ix":4},"sa":{"a":0,"k":0,"ix":5},"nm":"Transform"}],"nm":"Rectangle 1","np":3,"cix":2,"bm":0,"ix":1,"mn":"ADBE Vector Group","hd":false}],"ip":540,"op":1361,"st":540,"bm":0},{"ddd":0,"ind":13,"ty":4,"nm":"Shape Layer 19","sr":1,"ks":{"p":{"a":1,"k":[{"i":{"x":0.833,"y":0.833},"o":{"x":0.167,"y":0.167},"t":540,"s":[1500,7171,0],"to":[0,-2246.667,0],"ti":[0,2246.667,0]},{"t":1360,"s":[1500,-6309,0]}],"ix":2}},"ao":0,"shapes":[{"ty":"gr","it":[{"ty":"rc","d":1,"s":{"a":0,"k":[3000,1800],"ix":2},"p":{"a":0,"k":[0,0],"ix":3},"r":{"a":0,"k":0,"ix":4},"nm":"Rectangle Path 1","mn":"ADBE Vector Shape - Rect","hd":false},{"ty":"gf","o":{"a":0,"k":100,"ix":10},"r":1,"bm":0,"g":{"p":3,"k":{"a":0,"k":[0,0.325,0.859,0.486,0.5,0.325,0.859,0.486,1,0.325,0.859,0.486,0,1,0.5,0.5,1,0],"ix":9}},"s":{"a":0,"k":[0,-450],"ix":5},"e":{"a":0,"k":[0,450],"ix":6},"t":1,"nm":"Gradient Fill 1","mn":"ADBE Vector Graphic - G-Fill","hd":false},{"ty":"tr","p":{"a":0,"k":[0,0],"ix":2},"a":{"a":0,"k":[0,0],"ix":1},"s":{"a":0,"k":[100,100],"ix":3},"r":{"a":0,"k":0,"ix":6},"o":{"a":0,"k":100,"ix":7},"sk":{"a":0,"k":0,"ix":4},"sa":{"a":0,"k":0,"ix":5},"nm":"Transform"}],"nm":"Rectangle 1","np":3,"cix":2,"bm":0,"ix":1,"mn":"ADBE Vector Group","hd":false}],"ip":540,"op":1361,"st":540,"bm":0},{"ddd":0,"ind":14,"ty":4,"nm":"Shape Layer 18","sr":1,"ks":{"r":{"a":0,"k":180,"ix":10},"p":{"a":1,"k":[{"i":{"x":0.833,"y":0.833},"o":{"x":0.167,"y":0.167},"t":540,"s":[1500,7171,0],"to":[0,-2246.667,0],"ti":[0,2246.667,0]},{"t":1360,"s":[1500,-6309,0]}],"ix":2}},"ao":0,"shapes":[{"ty":"gr","it":[{"ty":"rc","d":1,"s":{"a":0,"k":[3000,1800],"ix":2},"p":{"a":0,"k":[0,0],"ix":3},"r":{"a":0,"k":0,"ix":4},"nm":"Rectangle Path 1","mn":"ADBE Vector Shape - Rect","hd":false},{"ty":"gf","o":{"a":0,"k":100,"ix":10},"r":1,"bm":0,"g":{"p":3,"k":{"a":0,"k":[0,0.157,0.796,0.725,0.5,0.157,0.796,0.725,1,0.157,0.796,0.725],"ix":9}},"s":{"a":0,"k":[0,0],"ix":5},"e":{"a":0,"k":[0,900],"ix":6},"t":1,"nm":"Gradient Fill 1","mn":"ADBE Vector Graphic - G-Fill","hd":false},{"ty":"tr","p":{"a":0,"k":[0,0],"ix":2},"a":{"a":0,"k":[0,0],"ix":1},"s":{"a":0,"k":[100,100],"ix":3},"r":{"a":0,"k":0,"ix":6},"o":{"a":0,"k":100,"ix":7},"sk":{"a":0,"k":0,"ix":4},"sa":{"a":0,"k":0,"ix":5},"nm":"Transform"}],"nm":"Rectangle 1","np":3,"cix":2,"bm":0,"ix":1,"mn":"ADBE Vector Group","hd":false}],"ip":540,"op":1361,"st":540,"bm":0},{"ddd":0,"ind":15,"ty":4,"nm":"Shape Layer 17","sr":1,"ks":{"p":{"a":1,"k":[{"i":{"x":0.833,"y":0.833},"o":{"x":0.167,"y":0.167},"t":540,"s":[1500,8967,0],"to":[0,-2246.667,0],"ti":[0,2246.667,0]},{"t":1360,"s":[1500,-4513,0]}],"ix":2}},"ao":0,"shapes":[{"ty":"gr","it":[{"ty":"rc","d":1,"s":{"a":0,"k":[3000,1800],"ix":2},"p":{"a":0,"k":[0,0],"ix":3},"r":{"a":0,"k":0,"ix":4},"nm":"Rectangle Path 1","mn":"ADBE Vector Shape - Rect","hd":false},{"ty":"gf","o":{"a":0,"k":100,"ix":10},"r":1,"bm":0,"g":{"p":3,"k":{"a":0,"k":[0,0.157,0.796,0.725,0.5,0.157,0.796,0.725,1,0.157,0.796,0.725,0,1,0.5,0.5,1,0],"ix":9}},"s":{"a":0,"k":[0,-450],"ix":5},"e":{"a":0,"k":[0,450],"ix":6},"t":1,"nm":"Gradient Fill 1","mn":"ADBE Vector Graphic - G-Fill","hd":false},{"ty":"tr","p":{"a":0,"k":[0,0],"ix":2},"a":{"a":0,"k":[0,0],"ix":1},"s":{"a":0,"k":[100,100],"ix":3},"r":{"a":0,"k":0,"ix":6},"o":{"a":0,"k":100,"ix":7},"sk":{"a":0,"k":0,"ix":4},"sa":{"a":0,"k":0,"ix":5},"nm":"Transform"}],"nm":"Rectangle 1","np":3,"cix":2,"bm":0,"ix":1,"mn":"ADBE Vector Group","hd":false}],"ip":540,"op":1361,"st":540,"bm":0},{"ddd":0,"ind":16,"ty":4,"nm":"Shape Layer 16","sr":1,"ks":{"r":{"a":0,"k":180,"ix":10},"p":{"a":1,"k":[{"i":{"x":0.833,"y":0.833},"o":{"x":0.167,"y":0.167},"t":540,"s":[1500,8967,0],"to":[0,-2246.667,0],"ti":[0,2246.667,0]},{"t":1360,"s":[1500,-4513,0]}],"ix":2}},"ao":0,"shapes":[{"ty":"gr","it":[{"ty":"rc","d":1,"s":{"a":0,"k":[3000,1800],"ix":2},"p":{"a":0,"k":[0,0],"ix":3},"r":{"a":0,"k":0,"ix":4},"nm":"Rectangle Path 1","mn":"ADBE Vector Shape - Rect","hd":false},{"ty":"gf","o":{"a":0,"k":100,"ix":10},"r":1,"bm":0,"g":{"p":3,"k":{"a":0,"k":[0,0.816,0.176,0.98,0.5,0.816,0.176,0.98,1,0.816,0.176,0.98],"ix":9}},"s":{"a":0,"k":[0,0],"ix":5},"e":{"a":0,"k":[0,900],"ix":6},"t":1,"nm":"Gradient Fill 1","mn":"ADBE Vector Graphic - G-Fill","hd":false},{"ty":"tr","p":{"a":0,"k":[0,0],"ix":2},"a":{"a":0,"k":[0,0],"ix":1},"s":{"a":0,"k":[100,100],"ix":3},"r":{"a":0,"k":0,"ix":6},"o":{"a":0,"k":100,"ix":7},"sk":{"a":0,"k":0,"ix":4},"sa":{"a":0,"k":0,"ix":5},"nm":"Transform"}],"nm":"Rectangle 1","np":3,"cix":2,"bm":0,"ix":1,"mn":"ADBE Vector Group","hd":false}],"ip":540,"op":1361,"st":540,"bm":0},{"ddd":0,"ind":17,"ty":4,"nm":"Shape Layer 15","sr":1,"ks":{"p":{"a":1,"k":[{"i":{"x":0.833,"y":0.833},"o":{"x":0.167,"y":0.167},"t":540,"s":[1500,10751,0],"to":[0,-2246.667,0],"ti":[0,2246.667,0]},{"t":1360,"s":[1500,-2729,0]}],"ix":2}},"ao":0,"shapes":[{"ty":"gr","it":[{"ty":"rc","d":1,"s":{"a":0,"k":[3000,1800],"ix":2},"p":{"a":0,"k":[0,0],"ix":3},"r":{"a":0,"k":0,"ix":4},"nm":"Rectangle Path 1","mn":"ADBE Vector Shape - Rect","hd":false},{"ty":"gf","o":{"a":0,"k":100,"ix":10},"r":1,"bm":0,"g":{"p":3,"k":{"a":0,"k":[0,0.816,0.176,0.98,0.5,0.816,0.176,0.98,1,0.816,0.176,0.98,0,1,0.5,0.5,1,0],"ix":9}},"s":{"a":0,"k":[0,-450],"ix":5},"e":{"a":0,"k":[0,450],"ix":6},"t":1,"nm":"Gradient Fill 1","mn":"ADBE Vector Graphic - G-Fill","hd":false},{"ty":"tr","p":{"a":0,"k":[0,0],"ix":2},"a":{"a":0,"k":[0,0],"ix":1},"s":{"a":0,"k":[100,100],"ix":3},"r":{"a":0,"k":0,"ix":6},"o":{"a":0,"k":100,"ix":7},"sk":{"a":0,"k":0,"ix":4},"sa":{"a":0,"k":0,"ix":5},"nm":"Transform"}],"nm":"Rectangle 1","np":3,"cix":2,"bm":0,"ix":1,"mn":"ADBE Vector Group","hd":false}],"ip":540,"op":1361,"st":540,"bm":0},{"ddd":0,"ind":18,"ty":4,"nm":"Shape Layer 14","sr":1,"ks":{"r":{"a":0,"k":180,"ix":10},"p":{"a":1,"k":[{"i":{"x":0.833,"y":0.833},"o":{"x":0.167,"y":0.167},"t":540,"s":[1500,10751,0],"to":[0,-2246.667,0],"ti":[0,2246.667,0]},{"t":1360,"s":[1500,-2729,0]}],"ix":2}},"ao":0,"shapes":[{"ty":"gr","it":[{"ty":"rc","d":1,"s":{"a":0,"k":[3000,1800],"ix":2},"p":{"a":0,"k":[0,0],"ix":3},"r":{"a":0,"k":0,"ix":4},"nm":"Rectangle Path 1","mn":"ADBE Vector Shape - Rect","hd":false},{"ty":"gf","o":{"a":0,"k":100,"ix":10},"r":1,"bm":0,"g":{"p":3,"k":{"a":0,"k":[0,0.412,0.455,0.965,0.5,0.412,0.455,0.965,1,0.412,0.455,0.965],"ix":9}},"s":{"a":0,"k":[0,0],"ix":5},"e":{"a":0,"k":[0,900],"ix":6},"t":1,"nm":"Gradient Fill 1","mn":"ADBE Vector Graphic - G-Fill","hd":false},{"ty":"tr","p":{"a":0,"k":[0,0],"ix":2},"a":{"a":0,"k":[0,0],"ix":1},"s":{"a":0,"k":[100,100],"ix":3},"r":{"a":0,"k":0,"ix":6},"o":{"a":0,"k":100,"ix":7},"sk":{"a":0,"k":0,"ix":4},"sa":{"a":0,"k":0,"ix":5},"nm":"Transform"}],"nm":"Rectangle 1","np":3,"cix":2,"bm":0,"ix":1,"mn":"ADBE Vector Group","hd":false}],"ip":540,"op":1361,"st":540,"bm":0},{"ddd":0,"ind":19,"ty":4,"nm":"Shape Layer 13","sr":1,"ks":{"p":{"a":1,"k":[{"i":{"x":0.833,"y":0.833},"o":{"x":0.167,"y":0.167},"t":540,"s":[1500,12523,0],"to":[0,-2246.667,0],"ti":[0,2246.667,0]},{"t":1360,"s":[1500,-957,0]}],"ix":2}},"ao":0,"shapes":[{"ty":"gr","it":[{"ty":"rc","d":1,"s":{"a":0,"k":[3000,1800],"ix":2},"p":{"a":0,"k":[0,0],"ix":3},"r":{"a":0,"k":0,"ix":4},"nm":"Rectangle Path 1","mn":"ADBE Vector Shape - Rect","hd":false},{"ty":"gf","o":{"a":0,"k":100,"ix":10},"r":1,"bm":0,"g":{"p":3,"k":{"a":0,"k":[0,0.412,0.455,0.965,0.5,0.412,0.455,0.965,1,0.412,0.455,0.965,0,1,0.5,0.5,1,0],"ix":9}},"s":{"a":0,"k":[0,-450],"ix":5},"e":{"a":0,"k":[0,450],"ix":6},"t":1,"nm":"Gradient Fill 1","mn":"ADBE Vector Graphic - G-Fill","hd":false},{"ty":"tr","p":{"a":0,"k":[0,0],"ix":2},"a":{"a":0,"k":[0,0],"ix":1},"s":{"a":0,"k":[100,100],"ix":3},"r":{"a":0,"k":0,"ix":6},"o":{"a":0,"k":100,"ix":7},"sk":{"a":0,"k":0,"ix":4},"sa":{"a":0,"k":0,"ix":5},"nm":"Transform"}],"nm":"Rectangle 1","np":3,"cix":2,"bm":0,"ix":1,"mn":"ADBE Vector Group","hd":false}],"ip":540,"op":1361,"st":540,"bm":0},{"ddd":0,"ind":20,"ty":4,"nm":"Shape Layer 12","sr":1,"ks":{"r":{"a":0,"k":180,"ix":10},"p":{"a":1,"k":[{"i":{"x":0.833,"y":0.833},"o":{"x":0.167,"y":0.167},"t":540,"s":[1500,12523,0],"to":[0,-2246.667,0],"ti":[0,2246.667,0]},{"t":1360,"s":[1500,-957,0]}],"ix":2}},"ao":0,"shapes":[{"ty":"gr","it":[{"ty":"rc","d":1,"s":{"a":0,"k":[3000,1800],"ix":2},"p":{"a":0,"k":[0,0],"ix":3},"r":{"a":0,"k":0,"ix":4},"nm":"Rectangle Path 1","mn":"ADBE Vector Shape - Rect","hd":false},{"ty":"gf","o":{"a":0,"k":100,"ix":10},"r":1,"bm":0,"g":{"p":3,"k":{"a":0,"k":[0,0,0.737,0.949,0.5,0,0.737,0.949,1,0,0.737,0.949],"ix":9}},"s":{"a":0,"k":[0,0],"ix":5},"e":{"a":0,"k":[0,900],"ix":6},"t":1,"nm":"Gradient Fill 1","mn":"ADBE Vector Graphic - G-Fill","hd":false},{"ty":"tr","p":{"a":0,"k":[0,0],"ix":2},"a":{"a":0,"k":[0,0],"ix":1},"s":{"a":0,"k":[100,100],"ix":3},"r":{"a":0,"k":0,"ix":6},"o":{"a":0,"k":100,"ix":7},"sk":{"a":0,"k":0,"ix":4},"sa":{"a":0,"k":0,"ix":5},"nm":"Transform"}],"nm":"Rectangle 1","np":3,"cix":2,"bm":0,"ix":1,"mn":"ADBE Vector Group","hd":false}],"ip":540,"op":1361,"st":540,"bm":0},{"ddd":0,"ind":21,"ty":4,"nm":"Shape Layer 31","sr":1,"ks":{"p":{"a":1,"k":[{"i":{"x":0.833,"y":0.833},"o":{"x":0.167,"y":0.167},"t":1081,"s":[1500,5379,0],"to":[0,-2246.667,0],"ti":[0,2246.667,0]},{"t":1901,"s":[1500,-8101,0]}],"ix":2}},"ao":0,"shapes":[{"ty":"gr","it":[{"ty":"rc","d":1,"s":{"a":0,"k":[3000,1800],"ix":2},"p":{"a":0,"k":[0,0],"ix":3},"r":{"a":0,"k":0,"ix":4},"nm":"Rectangle Path 1","mn":"ADBE Vector Shape - Rect","hd":false},{"ty":"gf","o":{"a":0,"k":100,"ix":10},"r":1,"bm":0,"g":{"p":3,"k":{"a":0,"k":[0,0,0.737,0.949,0.5,0,0.737,0.949,1,0,0.737,0.949,0,1,0.5,0.5,1,0],"ix":9}},"s":{"a":0,"k":[0,-450],"ix":5},"e":{"a":0,"k":[0,450],"ix":6},"t":1,"nm":"Gradient Fill 1","mn":"ADBE Vector Graphic - G-Fill","hd":false},{"ty":"tr","p":{"a":0,"k":[0,0],"ix":2},"a":{"a":0,"k":[0,0],"ix":1},"s":{"a":0,"k":[100,100],"ix":3},"r":{"a":0,"k":0,"ix":6},"o":{"a":0,"k":100,"ix":7},"sk":{"a":0,"k":0,"ix":4},"sa":{"a":0,"k":0,"ix":5},"nm":"Transform"}],"nm":"Rectangle 1","np":3,"cix":2,"bm":0,"ix":1,"mn":"ADBE Vector Group","hd":false}],"ip":1081,"op":1902,"st":1081,"bm":0},{"ddd":0,"ind":22,"ty":4,"nm":"Shape Layer 30","sr":1,"ks":{"r":{"a":0,"k":180,"ix":10},"p":{"a":1,"k":[{"i":{"x":0.833,"y":0.833},"o":{"x":0.167,"y":0.167},"t":1081,"s":[1500,5379,0],"to":[0,-2246.667,0],"ti":[0,2246.667,0]},{"t":1901,"s":[1500,-8101,0]}],"ix":2}},"ao":0,"shapes":[{"ty":"gr","it":[{"ty":"rc","d":1,"s":{"a":0,"k":[3000,1800],"ix":2},"p":{"a":0,"k":[0,0],"ix":3},"r":{"a":0,"k":0,"ix":4},"nm":"Rectangle Path 1","mn":"ADBE Vector Shape - Rect","hd":false},{"ty":"gf","o":{"a":0,"k":100,"ix":10},"r":1,"bm":0,"g":{"p":3,"k":{"a":0,"k":[0,0.325,0.859,0.486,0.5,0.325,0.859,0.486,1,0.325,0.859,0.486],"ix":9}},"s":{"a":0,"k":[0,0],"ix":5},"e":{"a":0,"k":[0,900],"ix":6},"t":1,"nm":"Gradient Fill 1","mn":"ADBE Vector Graphic - G-Fill","hd":false},{"ty":"tr","p":{"a":0,"k":[0,0],"ix":2},"a":{"a":0,"k":[0,0],"ix":1},"s":{"a":0,"k":[100,100],"ix":3},"r":{"a":0,"k":0,"ix":6},"o":{"a":0,"k":100,"ix":7},"sk":{"a":0,"k":0,"ix":4},"sa":{"a":0,"k":0,"ix":5},"nm":"Transform"}],"nm":"Rectangle 1","np":3,"cix":2,"bm":0,"ix":1,"mn":"ADBE Vector Group","hd":false}],"ip":1081,"op":1902,"st":1081,"bm":0},{"ddd":0,"ind":23,"ty":4,"nm":"Shape Layer 29","sr":1,"ks":{"p":{"a":1,"k":[{"i":{"x":0.833,"y":0.833},"o":{"x":0.167,"y":0.167},"t":1081,"s":[1500,7171,0],"to":[0,-2246.667,0],"ti":[0,2246.667,0]},{"t":1901,"s":[1500,-6309,0]}],"ix":2}},"ao":0,"shapes":[{"ty":"gr","it":[{"ty":"rc","d":1,"s":{"a":0,"k":[3000,1800],"ix":2},"p":{"a":0,"k":[0,0],"ix":3},"r":{"a":0,"k":0,"ix":4},"nm":"Rectangle Path 1","mn":"ADBE Vector Shape - Rect","hd":false},{"ty":"gf","o":{"a":0,"k":100,"ix":10},"r":1,"bm":0,"g":{"p":3,"k":{"a":0,"k":[0,0.325,0.859,0.486,0.5,0.325,0.859,0.486,1,0.325,0.859,0.486,0,1,0.5,0.5,1,0],"ix":9}},"s":{"a":0,"k":[0,-450],"ix":5},"e":{"a":0,"k":[0,450],"ix":6},"t":1,"nm":"Gradient Fill 1","mn":"ADBE Vector Graphic - G-Fill","hd":false},{"ty":"tr","p":{"a":0,"k":[0,0],"ix":2},"a":{"a":0,"k":[0,0],"ix":1},"s":{"a":0,"k":[100,100],"ix":3},"r":{"a":0,"k":0,"ix":6},"o":{"a":0,"k":100,"ix":7},"sk":{"a":0,"k":0,"ix":4},"sa":{"a":0,"k":0,"ix":5},"nm":"Transform"}],"nm":"Rectangle 1","np":3,"cix":2,"bm":0,"ix":1,"mn":"ADBE Vector Group","hd":false}],"ip":1081,"op":1902,"st":1081,"bm":0},{"ddd":0,"ind":24,"ty":4,"nm":"Shape Layer 28","sr":1,"ks":{"r":{"a":0,"k":180,"ix":10},"p":{"a":1,"k":[{"i":{"x":0.833,"y":0.833},"o":{"x":0.167,"y":0.167},"t":1081,"s":[1500,7171,0],"to":[0,-2246.667,0],"ti":[0,2246.667,0]},{"t":1901,"s":[1500,-6309,0]}],"ix":2}},"ao":0,"shapes":[{"ty":"gr","it":[{"ty":"rc","d":1,"s":{"a":0,"k":[3000,1800],"ix":2},"p":{"a":0,"k":[0,0],"ix":3},"r":{"a":0,"k":0,"ix":4},"nm":"Rectangle Path 1","mn":"ADBE Vector Shape - Rect","hd":false},{"ty":"gf","o":{"a":0,"k":100,"ix":10},"r":1,"bm":0,"g":{"p":3,"k":{"a":0,"k":[0,0.157,0.796,0.725,0.5,0.157,0.796,0.725,1,0.157,0.796,0.725],"ix":9}},"s":{"a":0,"k":[0,0],"ix":5},"e":{"a":0,"k":[0,900],"ix":6},"t":1,"nm":"Gradient Fill 1","mn":"ADBE Vector Graphic - G-Fill","hd":false},{"ty":"tr","p":{"a":0,"k":[0,0],"ix":2},"a":{"a":0,"k":[0,0],"ix":1},"s":{"a":0,"k":[100,100],"ix":3},"r":{"a":0,"k":0,"ix":6},"o":{"a":0,"k":100,"ix":7},"sk":{"a":0,"k":0,"ix":4},"sa":{"a":0,"k":0,"ix":5},"nm":"Transform"}],"nm":"Rectangle 1","np":3,"cix":2,"bm":0,"ix":1,"mn":"ADBE Vector Group","hd":false}],"ip":1081,"op":1902,"st":1081,"bm":0},{"ddd":0,"ind":25,"ty":4,"nm":"Shape Layer 27","sr":1,"ks":{"p":{"a":1,"k":[{"i":{"x":0.833,"y":0.833},"o":{"x":0.167,"y":0.167},"t":1081,"s":[1500,8967,0],"to":[0,-2246.667,0],"ti":[0,2246.667,0]},{"t":1901,"s":[1500,-4513,0]}],"ix":2}},"ao":0,"shapes":[{"ty":"gr","it":[{"ty":"rc","d":1,"s":{"a":0,"k":[3000,1800],"ix":2},"p":{"a":0,"k":[0,0],"ix":3},"r":{"a":0,"k":0,"ix":4},"nm":"Rectangle Path 1","mn":"ADBE Vector Shape - Rect","hd":false},{"ty":"gf","o":{"a":0,"k":100,"ix":10},"r":1,"bm":0,"g":{"p":3,"k":{"a":0,"k":[0,0.157,0.796,0.725,0.5,0.157,0.796,0.725,1,0.157,0.796,0.725,0,1,0.5,0.5,1,0],"ix":9}},"s":{"a":0,"k":[0,-450],"ix":5},"e":{"a":0,"k":[0,450],"ix":6},"t":1,"nm":"Gradient Fill 1","mn":"ADBE Vector Graphic - G-Fill","hd":false},{"ty":"tr","p":{"a":0,"k":[0,0],"ix":2},"a":{"a":0,"k":[0,0],"ix":1},"s":{"a":0,"k":[100,100],"ix":3},"r":{"a":0,"k":0,"ix":6},"o":{"a":0,"k":100,"ix":7},"sk":{"a":0,"k":0,"ix":4},"sa":{"a":0,"k":0,"ix":5},"nm":"Transform"}],"nm":"Rectangle 1","np":3,"cix":2,"bm":0,"ix":1,"mn":"ADBE Vector Group","hd":false}],"ip":1081,"op":1902,"st":1081,"bm":0},{"ddd":0,"ind":26,"ty":4,"nm":"Shape Layer 26","sr":1,"ks":{"r":{"a":0,"k":180,"ix":10},"p":{"a":1,"k":[{"i":{"x":0.833,"y":0.833},"o":{"x":0.167,"y":0.167},"t":1081,"s":[1500,8967,0],"to":[0,-2246.667,0],"ti":[0,2246.667,0]},{"t":1901,"s":[1500,-4513,0]}],"ix":2}},"ao":0,"shapes":[{"ty":"gr","it":[{"ty":"rc","d":1,"s":{"a":0,"k":[3000,1800],"ix":2},"p":{"a":0,"k":[0,0],"ix":3},"r":{"a":0,"k":0,"ix":4},"nm":"Rectangle Path 1","mn":"ADBE Vector Shape - Rect","hd":false},{"ty":"gf","o":{"a":0,"k":100,"ix":10},"r":1,"bm":0,"g":{"p":3,"k":{"a":0,"k":[0,0.816,0.176,0.98,0.5,0.816,0.176,0.98,1,0.816,0.176,0.98],"ix":9}},"s":{"a":0,"k":[0,0],"ix":5},"e":{"a":0,"k":[0,900],"ix":6},"t":1,"nm":"Gradient Fill 1","mn":"ADBE Vector Graphic - G-Fill","hd":false},{"ty":"tr","p":{"a":0,"k":[0,0],"ix":2},"a":{"a":0,"k":[0,0],"ix":1},"s":{"a":0,"k":[100,100],"ix":3},"r":{"a":0,"k":0,"ix":6},"o":{"a":0,"k":100,"ix":7},"sk":{"a":0,"k":0,"ix":4},"sa":{"a":0,"k":0,"ix":5},"nm":"Transform"}],"nm":"Rectangle 1","np":3,"cix":2,"bm":0,"ix":1,"mn":"ADBE Vector Group","hd":false}],"ip":1081,"op":1902,"st":1081,"bm":0},{"ddd":0,"ind":27,"ty":4,"nm":"Shape Layer 25","sr":1,"ks":{"p":{"a":1,"k":[{"i":{"x":0.833,"y":0.833},"o":{"x":0.167,"y":0.167},"t":1081,"s":[1500,10751,0],"to":[0,-2246.667,0],"ti":[0,2246.667,0]},{"t":1901,"s":[1500,-2729,0]}],"ix":2}},"ao":0,"shapes":[{"ty":"gr","it":[{"ty":"rc","d":1,"s":{"a":0,"k":[3000,1800],"ix":2},"p":{"a":0,"k":[0,0],"ix":3},"r":{"a":0,"k":0,"ix":4},"nm":"Rectangle Path 1","mn":"ADBE Vector Shape - Rect","hd":false},{"ty":"gf","o":{"a":0,"k":100,"ix":10},"r":1,"bm":0,"g":{"p":3,"k":{"a":0,"k":[0,0.816,0.176,0.98,0.5,0.816,0.176,0.98,1,0.816,0.176,0.98,0,1,0.5,0.5,1,0],"ix":9}},"s":{"a":0,"k":[0,-450],"ix":5},"e":{"a":0,"k":[0,450],"ix":6},"t":1,"nm":"Gradient Fill 1","mn":"ADBE Vector Graphic - G-Fill","hd":false},{"ty":"tr","p":{"a":0,"k":[0,0],"ix":2},"a":{"a":0,"k":[0,0],"ix":1},"s":{"a":0,"k":[100,100],"ix":3},"r":{"a":0,"k":0,"ix":6},"o":{"a":0,"k":100,"ix":7},"sk":{"a":0,"k":0,"ix":4},"sa":{"a":0,"k":0,"ix":5},"nm":"Transform"}],"nm":"Rectangle 1","np":3,"cix":2,"bm":0,"ix":1,"mn":"ADBE Vector Group","hd":false}],"ip":1081,"op":1902,"st":1081,"bm":0},{"ddd":0,"ind":28,"ty":4,"nm":"Shape Layer 24","sr":1,"ks":{"r":{"a":0,"k":180,"ix":10},"p":{"a":1,"k":[{"i":{"x":0.833,"y":0.833},"o":{"x":0.167,"y":0.167},"t":1081,"s":[1500,10751,0],"to":[0,-2246.667,0],"ti":[0,2246.667,0]},{"t":1901,"s":[1500,-2729,0]}],"ix":2}},"ao":0,"shapes":[{"ty":"gr","it":[{"ty":"rc","d":1,"s":{"a":0,"k":[3000,1800],"ix":2},"p":{"a":0,"k":[0,0],"ix":3},"r":{"a":0,"k":0,"ix":4},"nm":"Rectangle Path 1","mn":"ADBE Vector Shape - Rect","hd":false},{"ty":"gf","o":{"a":0,"k":100,"ix":10},"r":1,"bm":0,"g":{"p":3,"k":{"a":0,"k":[0,0.412,0.455,0.965,0.5,0.412,0.455,0.965,1,0.412,0.455,0.965],"ix":9}},"s":{"a":0,"k":[0,0],"ix":5},"e":{"a":0,"k":[0,900],"ix":6},"t":1,"nm":"Gradient Fill 1","mn":"ADBE Vector Graphic - G-Fill","hd":false},{"ty":"tr","p":{"a":0,"k":[0,0],"ix":2},"a":{"a":0,"k":[0,0],"ix":1},"s":{"a":0,"k":[100,100],"ix":3},"r":{"a":0,"k":0,"ix":6},"o":{"a":0,"k":100,"ix":7},"sk":{"a":0,"k":0,"ix":4},"sa":{"a":0,"k":0,"ix":5},"nm":"Transform"}],"nm":"Rectangle 1","np":3,"cix":2,"bm":0,"ix":1,"mn":"ADBE Vector Group","hd":false}],"ip":1081,"op":1902,"st":1081,"bm":0},{"ddd":0,"ind":29,"ty":4,"nm":"Shape Layer 23","sr":1,"ks":{"p":{"a":1,"k":[{"i":{"x":0.833,"y":0.833},"o":{"x":0.167,"y":0.167},"t":1081,"s":[1500,12523,0],"to":[0,-2246.667,0],"ti":[0,2246.667,0]},{"t":1901,"s":[1500,-957,0]}],"ix":2}},"ao":0,"shapes":[{"ty":"gr","it":[{"ty":"rc","d":1,"s":{"a":0,"k":[3000,1800],"ix":2},"p":{"a":0,"k":[0,0],"ix":3},"r":{"a":0,"k":0,"ix":4},"nm":"Rectangle Path 1","mn":"ADBE Vector Shape - Rect","hd":false},{"ty":"gf","o":{"a":0,"k":100,"ix":10},"r":1,"bm":0,"g":{"p":3,"k":{"a":0,"k":[0,0.412,0.455,0.965,0.5,0.412,0.455,0.965,1,0.412,0.455,0.965,0,1,0.5,0.5,1,0],"ix":9}},"s":{"a":0,"k":[0,-450],"ix":5},"e":{"a":0,"k":[0,450],"ix":6},"t":1,"nm":"Gradient Fill 1","mn":"ADBE Vector Graphic - G-Fill","hd":false},{"ty":"tr","p":{"a":0,"k":[0,0],"ix":2},"a":{"a":0,"k":[0,0],"ix":1},"s":{"a":0,"k":[100,100],"ix":3},"r":{"a":0,"k":0,"ix":6},"o":{"a":0,"k":100,"ix":7},"sk":{"a":0,"k":0,"ix":4},"sa":{"a":0,"k":0,"ix":5},"nm":"Transform"}],"nm":"Rectangle 1","np":3,"cix":2,"bm":0,"ix":1,"mn":"ADBE Vector Group","hd":false}],"ip":1081,"op":1902,"st":1081,"bm":0},{"ddd":0,"ind":30,"ty":4,"nm":"Shape Layer 22","sr":1,"ks":{"r":{"a":0,"k":180,"ix":10},"p":{"a":1,"k":[{"i":{"x":0.833,"y":0.833},"o":{"x":0.167,"y":0.167},"t":1081,"s":[1500,12523,0],"to":[0,-2246.667,0],"ti":[0,2246.667,0]},{"t":1901,"s":[1500,-957,0]}],"ix":2}},"ao":0,"shapes":[{"ty":"gr","it":[{"ty":"rc","d":1,"s":{"a":0,"k":[3000,1800],"ix":2},"p":{"a":0,"k":[0,0],"ix":3},"r":{"a":0,"k":0,"ix":4},"nm":"Rectangle Path 1","mn":"ADBE Vector Shape - Rect","hd":false},{"ty":"gf","o":{"a":0,"k":100,"ix":10},"r":1,"bm":0,"g":{"p":3,"k":{"a":0,"k":[0,0,0.737,0.949,0.5,0,0.737,0.949,1,0,0.737,0.949],"ix":9}},"s":{"a":0,"k":[0,0],"ix":5},"e":{"a":0,"k":[0,900],"ix":6},"t":1,"nm":"Gradient Fill 1","mn":"ADBE Vector Graphic - G-Fill","hd":false},{"ty":"tr","p":{"a":0,"k":[0,0],"ix":2},"a":{"a":0,"k":[0,0],"ix":1},"s":{"a":0,"k":[100,100],"ix":3},"r":{"a":0,"k":0,"ix":6},"o":{"a":0,"k":100,"ix":7},"sk":{"a":0,"k":0,"ix":4},"sa":{"a":0,"k":0,"ix":5},"nm":"Transform"}],"nm":"Rectangle 1","np":3,"cix":2,"bm":0,"ix":1,"mn":"ADBE Vector Group","hd":false}],"ip":1081,"op":1902,"st":1081,"bm":0}]}],"layers":[{"ddd":0,"ind":1,"ty":0,"nm":"Clouds_Dark_Mode","refId":"comp_0","sr":1,"ks":{"p":{"a":0,"k":[915.76,1363.76,0],"ix":2},"a":{"a":0,"k":[1515.5,1000,0],"ix":1},"s":{"a":0,"k":[213,213,100],"ix":6}},"ao":0,"w":3031,"h":2000,"ip":0,"op":2700,"st":0,"bm":0},{"ddd":0,"ind":2,"ty":4,"nm":"60_Percent_Black","sr":1,"ks":{"o":{"a":0,"k":70,"ix":11},"p":{"a":0,"k":[1000,1000,0],"ix":2}},"ao":0,"shapes":[{"ty":"gr","it":[{"ty":"rc","d":1,"s":{"a":0,"k":[2000,2000],"ix":2},"p":{"a":0,"k":[0,0],"ix":3},"r":{"a":0,"k":0,"ix":4},"nm":"Rectangle Path 1","mn":"ADBE Vector Shape - Rect","hd":false},{"ty":"st","c":{"a":0,"k":[0.968626972273,0.117754999797,0.958616967295,1],"ix":3},"o":{"a":0,"k":100,"ix":4},"w":{"a":0,"k":0,"ix":5},"lc":1,"lj":1,"ml":4,"bm":0,"nm":"Stroke 1","mn":"ADBE Vector Graphic - Stroke","hd":false},{"ty":"gf","o":{"a":0,"k":100,"ix":10},"r":1,"bm":0,"g":{"p":3,"k":{"a":0,"k":[0,0,0,0,0.5,0,0,0,1,0,0,0,0,1,0.5,0.5,1,0],"ix":9}},"s":{"a":0,"k":[0,-893],"ix":5},"e":{"a":0,"k":[0,933],"ix":6},"t":1,"nm":"Gradient Fill 1","mn":"ADBE Vector Graphic - G-Fill","hd":false},{"ty":"tr","p":{"a":0,"k":[0,0],"ix":2},"a":{"a":0,"k":[0,0],"ix":1},"s":{"a":0,"k":[100,100],"ix":3},"r":{"a":0,"k":0,"ix":6},"o":{"a":0,"k":100,"ix":7},"sk":{"a":0,"k":0,"ix":4},"sa":{"a":0,"k":0,"ix":5},"nm":"Transform"}],"nm":"Rectangle 1","np":3,"cix":2,"bm":0,"ix":1,"mn":"ADBE Vector Group","hd":false}],"ip":0,"op":2700,"st":0,"bm":0},{"ddd":0,"ind":3,"ty":0,"nm":"Gradient_Light_Mode_different_Technique","refId":"comp_1","sr":1,"ks":{"p":{"a":0,"k":[970.18,6360.5,0],"ix":2},"a":{"a":0,"k":[1500,2250,0],"ix":1},"s":{"a":0,"k":[288.544,284,100],"ix":6}},"ao":0,"w":3000,"h":4500,"ip":120,"op":658,"st":-153,"bm":0},{"ddd":0,"ind":4,"ty":4,"nm":"Skype_Blue_BHackground","sr":1,"ks":{"p":{"a":0,"k":[1000,1000,0],"ix":2}},"ao":0,"shapes":[{"ty":"gr","it":[{"ty":"rc","d":1,"s":{"a":0,"k":[2000,2000],"ix":2},"p":{"a":0,"k":[0,0],"ix":3},"r":{"a":0,"k":0,"ix":4},"nm":"Rectangle Path 1","mn":"ADBE Vector Shape - Rect","hd":false},{"ty":"st","c":{"a":0,"k":[0.968626972273,0.117754999797,0.958616967295,1],"ix":3},"o":{"a":0,"k":100,"ix":4},"w":{"a":0,"k":0,"ix":5},"lc":1,"lj":1,"ml":4,"bm":0,"nm":"Stroke 1","mn":"ADBE Vector Graphic - Stroke","hd":false},{"ty":"fl","c":{"a":0,"k":[0,0.737254901961,0.949019607843,1],"ix":4},"o":{"a":0,"k":100,"ix":5},"r":1,"bm":0,"nm":"Fill 1","mn":"ADBE Vector Graphic - Fill","hd":false},{"ty":"tr","p":{"a":0,"k":[0,0],"ix":2},"a":{"a":0,"k":[0,0],"ix":1},"s":{"a":0,"k":[100,100],"ix":3},"r":{"a":0,"k":0,"ix":6},"o":{"a":0,"k":100,"ix":7},"sk":{"a":0,"k":0,"ix":4},"sa":{"a":0,"k":0,"ix":5},"nm":"Transform"}],"nm":"Rectangle 1","np":3,"cix":2,"bm":0,"ix":1,"mn":"ADBE Vector Group","hd":false}],"ip":0,"op":129,"st":0,"bm":0}],"markers":[{"tm":120,"cm":"End_Animation_Start_Loop","dr":0},{"tm":438,"cm":"End_Loop","dr":0}]}