{"v":"4.5.8","fr":60,"ip":0,"op":80,"w":80,"h":80,"ddd":0,"assets":[],"layers":[{"ddd":0,"ind":0,"ty":4,"nm":"Shape Layer 2","ks":{"o":{"a":0,"k":100},"r":{"a":0,"k":0},"p":{"a":0,"k":[40,40,0]},"a":{"a":0,"k":[0,0,0]},"s":{"a":0,"k":[25,25,100]}},"ao":0,"shapes":[{"ty":"gr","it":[{"ind":0,"ty":"sh","ks":{"a":0,"k":{"i":[[0,0],[-38,-32.5],[0,-1],[-2,-6],[0,-2],[-4.5,-23],[0,0],[1,-17.5],[14.5,4],[6.5,-15],[9.5,8.25],[2.631,-0.155],[2.204,-3.148],[7.036,19.098],[0,0.5],[0.668,22.041],[4.5,0]],"o":[[0,0],[38,32.5],[0,1],[4.701,14.103],[0,2],[3.826,19.554],[0,0],[-1,17.5],[-8.729,-2.408],[-6.5,15],[-3.3,-2.866],[-4.472,0.264],[-3.5,5],[-7,-19],[0,-0.5],[-0.5,-16.5],[-4.5,0]],"v":[[-4,-120],[78,-91],[120,-13.5],[120.75,7.5],[118.25,27],[107.5,57],[89,76],[75.75,92],[53.5,104.5],[35.25,115.5],[14.5,118.75],[3.262,111.7],[-5.75,119.25],[-28.5,116],[-51,111],[-68.75,97],[-89,82]],"c":false}},"nm":"Path 1","mn":"ADBE Vector Shape - Group"},{"ty":"st","c":{"a":0,"k":[1,1,1,1]},"o":{"a":0,"k":100},"w":{"a":0,"k":15},"lc":2,"lj":1,"ml":4,"nm":"Stroke 1","mn":"ADBE Vector Graphic - Stroke"},{"ty":"tr","p":{"a":0,"k":[0,0],"ix":2},"a":{"a":0,"k":[0,0],"ix":1},"s":{"a":0,"k":[100,100],"ix":3},"r":{"a":0,"k":0,"ix":6},"o":{"a":0,"k":100,"ix":7},"sk":{"a":0,"k":0,"ix":4},"sa":{"a":0,"k":0,"ix":5},"nm":"Transform"}],"nm":"Shape 1","np":3,"mn":"ADBE Vector Group"},{"ty":"tm","s":{"a":1,"k":[{"i":{"x":[0.811],"y":[0.55]},"o":{"x":[0.167],"y":[0.167]},"n":["0p811_0p55_0p167_0p167"],"t":40,"s":[0],"e":[32.284]},{"i":{"x":[0.708],"y":[0.837]},"o":{"x":[0.442],"y":[0.453]},"n":["0p708_0p837_0p442_0p453"],"t":71,"s":[32.284],"e":[54]},{"t":80}],"ix":1},"e":{"a":1,"k":[{"i":{"x":[0.811],"y":[0.419]},"o":{"x":[0.167],"y":[0.167]},"n":["0p811_0p419_0p167_0p167"],"t":40,"s":[1],"e":[46.854]},{"i":{"x":[0.708],"y":[0.878]},"o":{"x":[0.442],"y":[0.34]},"n":["0p708_0p878_0p442_0p34"],"t":71,"s":[46.854],"e":[100]},{"t":80}],"ix":2},"o":{"a":0,"k":0,"ix":3},"m":1,"ix":2,"nm":"Trim Paths 1","mn":"ADBE Vector Filter - Trim"}],"ip":40,"op":81,"st":0,"bm":0,"sr":1},{"ddd":0,"ind":1,"ty":4,"nm":"Shape Layer 1","ks":{"o":{"a":0,"k":100},"r":{"a":0,"k":0},"p":{"a":0,"k":[40,40,0]},"a":{"a":0,"k":[0,0,0]},"s":{"a":0,"k":[25,25,100]}},"ao":0,"shapes":[{"ty":"gr","it":[{"ind":0,"ty":"sh","ks":{"a":0,"k":{"i":[[0,0],[1,-17.5],[14.5,4],[6.5,-15],[9.5,8.25],[2.631,-0.155],[2.204,-3.148],[7.036,19.098],[0,0.5],[0.668,22.041],[4.5,0],[-2.865,23.876],[0,0],[-4.723,18.219],[1,3],[-32.711,36.239],[-43.253,1.421]],"o":[[0,0],[-1,17.5],[-8.729,-2.408],[-6.5,15],[-3.3,-2.866],[-4.472,0.264],[-3.5,5],[-7,-19],[0,-0.5],[-0.5,-16.5],[-4.5,0],[1.5,-12.5],[0,0],[3.5,-13.5],[-0.594,-1.782],[18.085,-20.036],[106.5,-3.5]],"v":[[89,76],[75.75,92],[53.5,104.5],[35.25,115.5],[14.5,118.75],[3.262,111.7],[-5.75,119.25],[-28.5,116],[-51,111],[-68.75,97],[-89,82],[-102,59],[-114.5,37.75],[-120,12.5],[-118,-8],[-88.289,-81.239],[1.5,-120.5]],"c":false}},"nm":"Path 1","mn":"ADBE Vector Shape - Group"},{"ty":"st","c":{"a":0,"k":[1,1,1,1]},"o":{"a":0,"k":100},"w":{"a":0,"k":15},"lc":2,"lj":1,"ml":4,"nm":"Stroke 1","mn":"ADBE Vector Graphic - Stroke"},{"ty":"tr","p":{"a":0,"k":[0,0],"ix":2},"a":{"a":0,"k":[0,0],"ix":1},"s":{"a":0,"k":[100,100],"ix":3},"r":{"a":0,"k":0,"ix":6},"o":{"a":0,"k":100,"ix":7},"sk":{"a":0,"k":0,"ix":4},"sa":{"a":0,"k":0,"ix":5},"nm":"Transform"}],"nm":"Shape 1","np":3,"mn":"ADBE Vector Group"},{"ty":"tm","s":{"a":1,"k":[{"i":{"x":[0.558],"y":[0.649]},"o":{"x":[0.292],"y":[0.126]},"n":["0p558_0p649_0p292_0p126"],"t":0,"s":[0],"e":[57.146]},{"i":{"x":[0.833],"y":[0.833]},"o":{"x":[0.189],"y":[0.616]},"n":["0p833_0p833_0p189_0p616"],"t":10,"s":[57.146],"e":[99]},{"t":40}],"ix":1},"e":{"a":1,"k":[{"i":{"x":[0.558],"y":[0.575]},"o":{"x":[0.292],"y":[0.153]},"n":["0p558_0p575_0p292_0p153"],"t":0,"s":[47],"e":[72.24]},{"i":{"x":[0.833],"y":[0.833]},"o":{"x":[0.189],"y":[0.497]},"n":["0p833_0p833_0p189_0p497"],"t":10,"s":[72.24],"e":[100]},{"t":40}],"ix":2},"o":{"a":0,"k":0,"ix":3},"m":1,"ix":2,"nm":"Trim Paths 1","mn":"ADBE Vector Filter - Trim"}],"ip":0,"op":40,"st":0,"bm":0,"sr":1}]}